date,mvrv,mvrv_zscore,realized_price,hashrate
2022-08-28,0.9142,-0.1374,21649.0,226907929.42
2022-08-29,0.9419,-0.0959,21650.1,221270464.91
2022-08-30,0.9223,-0.1249,21621.9,228317294.54
2022-08-31,0.932,-0.1104,21612.3,220515247.03
2022-09-01,0.9362,-0.1039,21599.8,212503107.42
2022-09-02,0.9295,-0.1136,21581.6,198644209.06
2022-09-03,0.923,-0.1234,21577.9,226362005.78
2022-09-04,0.9302,-0.1126,21580.5,258699436.76
2022-09-05,0.9229,-0.1236,21573.7,235601272.09
2022-09-06,0.8798,-0.1876,21541.9,218662618.29
2022-09-07,0.901,-0.1559,21533.0,224822129.17
2022-09-08,0.9027,-0.1533,21521.0,195564453.62
2022-09-09,0.9976,-0.012,21535.7,226362005.78
2022-09-10,1.014,0.0124,21537.3,241760782.96
2022-09-11,1.0151,0.0139,21533.4,281797599.21
2022-09-12,1.0445,0.0576,21536.7,235601272.09
2022-09-13,0.9448,-0.0906,21466.6,212237771.67
2022-09-14,0.9496,-0.0834,21444.4,202308898.96
2022-09-15,0.9251,-0.1196,21414.4,234168568.5
2022-09-16,0.9275,-0.116,21407.7,203901883.69
2022-09-17,0.9454,-0.0895,21405.0,270807189.96
2022-09-18,0.9131,-0.1372,21396.6,245319452.49
2022-09-19,0.9199,-0.1271,21382.2,207087850.88
2022-09-20,0.8883,-0.1736,21364.4,242133487.6
2022-09-21,0.8717,-0.1978,21346.0,224610669.24
2022-09-22,0.9146,-0.1346,21346.1,203901883.69
2022-09-23,0.9107,-0.1403,21340.7,215052767.69
2022-09-24,0.8919,-0.1681,21336.3,232575586.05
2022-09-25,0.8859,-0.1768,21330.2,234168568.5
2022-09-26,0.9053,-0.1482,21326.9,238947520.42
2022-09-27,0.9015,-0.1537,21311.1,205494866.14
2022-09-28,0.9185,-0.1285,21297.4,234113533.83
2022-09-29,0.9231,-0.1219,21289.3,222928607.67
2022-09-30,0.919,-0.1282,21274.1,263461080.37
2022-10-01,0.9134,-0.1366,21270.6,282168375.28
2022-10-02,0.8995,-0.1569,21265.4,244753785.45
2022-10-03,0.9289,-0.1138,21264.2,240076960.04
2022-10-04,0.9624,-0.0644,21263.5,254107431.79
2022-10-05,0.9539,-0.0769,21257.0,272814728.95
2022-10-06,0.9445,-0.0906,21249.6,247871668.31
2022-10-07,0.9253,-0.1186,21238.6,266578963.23
2022-10-08,0.92,-0.1265,21229.2,272814728.95
2022-10-09,0.9207,-0.1255,21227.1,246312725.76
2022-10-10,0.9081,-0.144,21217.3,282818946.67
2022-10-11,0.903,-0.1515,21209.0,277924882.77
2022-10-12,0.9088,-0.1417,21186.7,242520438.89
2022-10-13,0.92,-0.1253,21182.0,253141772.82
2022-10-14,0.9103,-0.1394,21174.5,276154659.17
2022-10-15,0.9053,-0.1468,21171.6,269073772.44
2022-10-16,0.9145,-0.1332,21168.8,254911993.87
2022-10-17,0.9294,-0.1113,21150.1,265533327.8
2022-10-18,0.9186,-0.1271,21161.6,251371549.23
2022-10-19,0.9092,-0.1409,21149.6,267303548.84
2022-10-20,0.9048,-0.1474,21142.5,256682214.91
2022-10-21,0.9117,-0.1371,21137.6,276154659.17
2022-10-22,0.9134,-0.1339,21123.1,240750215.3
2022-10-23,0.9305,-0.1089,21123.0,274810664.85
2022-10-24,0.9201,-0.1243,21120.1,249031191.58
2022-10-25,0.9556,-0.0721,21126.0,223395628.2
2022-10-26,0.9887,-0.0237,21136.5,283822315.56
2022-10-27,0.9643,-0.0596,21133.4,247200081.04
2022-10-28,0.9798,-0.0369,21132.8,291146762.99
2022-10-29,0.9893,-0.023,21132.8,261848975.9
2022-10-30,0.9806,-0.0357,21127.3,247200081.04
2022-10-31,0.9749,-0.0442,21122.5,316782326.36
2022-11-01,0.9748,-0.0442,21116.4,263680086.44
2022-11-02,0.9592,-0.0672,21108.9,223395628.2
2022-11-03,0.9617,-0.0635,21106.0,300302320.96
2022-11-04,1.006,0.0015,21136.5,236213409.89
2022-11-05,1.012,0.0105,21133.2,276497868.13
2022-11-06,0.9962,-0.0127,21128.3,250862304.75
2022-11-07,0.9806,-0.0353,21072.4,263168681.01
2022-11-08,0.8846,-0.1755,21028.8,297875785.75
2022-11-09,0.7559,-0.3599,20900.7,272291362.92
2022-11-10,0.8424,-0.234,20885.2,268636444.99
2022-11-11,0.8137,-0.2753,20850.5,244879482.44
2022-11-12,0.8088,-0.2819,20798.2,305185621.59
2022-11-13,0.7876,-0.3124,20783.2,235742186.32
2022-11-14,0.8039,-0.2886,20751.5,224777435.18
2022-11-15,0.8163,-0.2703,20715.1,283256116.69
2022-11-16,0.8086,-0.2807,20667.2,274118823.19
2022-11-17,0.8128,-0.2736,20580.5,252189315.65
2022-11-18,0.8209,-0.2588,20355.9,254016775.93
2022-11-19,0.8231,-0.2557,20345.8,268636444.99
2022-11-20,0.8015,-0.2861,20329.3,272422405.82
2022-11-21,0.7798,-0.3163,20290.9,236949653.09
2022-11-22,0.8004,-0.2868,20265.5,231439196.9
2022-11-23,0.8198,-0.2594,20275.3,258991483.13
2022-11-24,0.8207,-0.258,20264.1,236949653.09
2022-11-25,0.8182,-0.2612,20247.7,225928740.71
2022-11-26,0.815,-0.2657,20238.5,200213272.33
2022-11-27,0.8146,-0.2729,20222.4,249807385.96
2022-11-28,0.8046,-0.2801,20206.4,255317844.79
2022-11-29,0.8164,-0.2633,20196.6,240623291.43
2022-11-30,0.8532,-0.2113,20189.1,253481024.3
2022-12-01,0.8429,-0.2258,20179.3,281033310.52
2022-12-02,0.8491,-0.2169,20166.7,229602379.05
2022-12-03,0.8406,-0.2289,20160.9,240623291.43
2022-12-04,0.8521,-0.2126,20150.7,257154662.64
2022-12-05,0.8466,-0.2189,20080.1,268175577.66
2022-12-06,0.8528,-0.2108,20073.9,230616963.69
2022-12-07,0.842,-0.2261,20069.3,292794731.65
2022-12-08,0.8615,-0.1987,20061.2,284283257.4
2022-12-09,0.8575,-0.2041,20042.8,258748834.67
2022-12-10,0.8569,-0.2049,20042.0,262153422.41
2022-12-11,0.8557,-0.2066,20035.3,250237357.98
2022-12-12,0.8609,-0.199,20028.8,243428180.05
2022-12-13,0.8902,-0.1579,20022.9,280878667.22
2022-12-14,0.8925,-0.1543,20005.2,251939654.3
2022-12-15,0.8695,-0.1865,19998.2,236618999.68
2022-12-16,0.833,-0.2374,19983.5,221298345.06
2022-12-17,0.8417,-0.2252,19977.6,234916703.36
2022-12-18,0.842,-0.2248,19974.5,246832767.79
2022-12-19,0.8249,-0.2474,19943.4,234239565.53
2022-12-20,0.8491,-0.2136,19940.0,246114014.59
2022-12-21,0.8447,-0.2197,19924.8,251387888.03
2022-12-22,0.8459,-0.2183,19917.5,237324228.9
2022-12-23,0.8447,-0.22,19908.4,232050357.99
2022-12-24,0.8478,-0.2158,19904.9,156458196.47
2022-12-25,0.8476,-0.216,19894.4,247871973.25
2022-12-26,0.8505,-0.2119,19891.7,226776484.55
2022-12-27,0.8417,-0.2239,19881.2,202165083.6
2022-12-28,0.8347,-0.2333,19851.7,295336819.03
2022-12-29,0.8397,-0.2254,19833.1,247871973.25
2022-12-30,0.8382,-0.2275,19826.0,277757245.11
2022-12-31,0.8365,-0.2295,19783.7,274241330.33
2023-01-01,0.8408,-0.2235,19781.1,272483374.2
2023-01-02,0.845,-0.2176,19778.5,274241330.33
2023-01-03,0.8445,-0.2183,19769.8,261567697.33
2023-01-04,0.854,-0.205,19759.0,242356483.1
2023-01-05,0.8531,-0.2062,19751.6,266083690.58
2023-01-06,0.8601,-0.1961,19741.4,305064103.23
2023-01-07,0.8596,-0.1923,19737.9,260999287.23
2023-01-08,0.8656,-0.1885,19734.4,259304487.75
2023-01-09,0.872,-0.1797,19732.2,257609688.26
2023-01-10,0.8849,-0.1613,19722.7,286421296.65
2023-01-11,0.9055,-0.1321,19708.2,249135683.49
2023-01-12,0.9578,-0.0599,19719.3,255914886.33
2023-01-13,1.0078,0.0094,19735.8,269473292.0
2023-01-14,1.0651,0.089,19748.5,289810898.07
2023-01-15,1.0582,0.0793,19751.3,281119760.75
2023-01-16,1.0732,0.1002,19759.9,274688842.35
2023-01-17,1.0725,0.0994,19769.3,291506526.63
2023-01-18,1.049,0.0666,19766.1,261608421.54
2023-01-19,1.0676,0.0924,19761.7,270951578.88
2023-01-20,1.1473,0.203,19783.3,246659370.34
2023-01-21,1.1542,0.2044,19790.5,257871158.07
2023-01-22,1.1494,0.2059,19797.8,282163369.29
2023-01-23,1.16,0.2019,19801.4,295243790.1
2023-01-24,1.1437,0.198,19805.0,241053473.79
2023-01-25,1.1683,0.2324,19815.1,327010528.27
2023-01-26,1.164,0.2261,19804.0,289637896.24
2023-01-27,1.1678,0.2313,19792.2,287769263.16
2023-01-28,1.1645,0.2268,19794.7,313930107.47
2023-01-29,1.2029,0.2803,19802.3,311438925.9
2023-01-30,1.1533,0.2115,19801.9,269948141.58
2023-01-31,1.1697,0.2343,19809.7,224956785.12
2023-02-01,1.1986,0.2747,19834.8,267991996.87
2023-02-02,1.1871,0.2587,19839.4,283641162.98
2023-02-03,1.1837,0.2541,19845.5,260167412.4
2023-02-04,1.1787,0.2472,19852.8,266035849.34
2023-02-05,1.1587,0.2192,19852.2,297334187.21
2023-02-06,1.1479,0.2041,19853.0,289509602.74
2023-02-07,1.174,0.2406,19857.7,277772726.04
2023-02-08,1.1571,0.2173,19859.6,269948141.58
2023-02-09,1.1009,0.1388,19852.0,316895645.56
2023-02-10,1.0913,0.1253,19845.5,287553455.22
2023-02-11,1.1036,0.1426,19845.2,289509602.74
2023-02-12,1.099,0.1362,19843.2,315851203.96
2023-02-13,1.1005,0.1382,19841.1,303650130.99
2023-02-14,1.1218,0.168,19842.8,299757180.27
2023-02-15,1.2259,0.3137,19862.5,317275457.12
2023-02-16,1.1971,0.2736,19868.0,348419062.88
2023-02-17,1.2402,0.3338,19880.4,321168407.84
2023-02-18,1.2414,0.3357,19883.3,327007835.32
2023-02-19,1.2277,0.3165,19885.8,315328983.16
2023-02-20,1.2491,0.3465,19891.5,286131854.15
2023-02-21,1.2289,0.3183,19893.6,325061358.56
2023-02-22,1.2172,0.3019,19889.5,272506528.03
2023-02-23,1.2043,0.2838,19892.4,332847260.0
2023-02-24,1.1678,0.2324,19885.8,262774152.63
2023-02-25,1.167,0.2453,19885.8,228809606.14
2023-02-26,1.1861,0.2583,19885.8,359556659.21
2023-02-27,1.1839,0.245,19876.0,299630547.8
2023-02-28,1.167,0.2317,19866.3,293209894.22
2023-03-01,1.1911,0.265,19859.4,363837095.96
2023-03-02,1.1841,0.2552,19857.4,308191421.3
2023-03-03,1.128,0.1767,19848.8,359556659.21
2023-03-04,1.1272,0.1756,19848.6,325313168.3
2023-03-05,1.1322,0.1825,19836.7,331733821.88
2023-03-06,1.1322,0.1825,19832.1,282508803.89
2023-03-07,1.124,0.1704,19762.9,353136002.55
2023-03-08,1.1003,0.1375,19756.2,284649020.72
2023-03-09,1.0327,0.0434,19736.2,288929457.47
2023-03-10,1.0277,0.105,19752.5,291688415.56
2023-03-11,1.0456,0.1666,19768.9,357219694.88
2023-03-12,1.1206,0.2282,19785.3,348559825.89
2023-03-13,1.2249,0.2898,19801.7,339899953.78
2023-03-14,1.2546,0.3514,19818.0,316085307.04
2023-03-15,1.2359,0.4129,19834.4,318250273.51
2023-03-16,1.2673,0.4745,19850.8,290105693.83
2023-03-17,1.3854,0.536,19867.1,318250273.51
2023-03-18,1.3615,0.5028,19872.7,350724792.36
2023-03-19,1.421,0.5864,19888.2,320415243.1
2023-03-20,1.4021,0.5604,19905.1,333405048.14
2023-03-21,1.4179,0.5829,19925.7,313920337.45
2023-03-22,1.3756,0.5236,19932.6,344229889.84
2023-03-23,1.4262,0.5952,19964.9,398970829.73
2023-03-24,1.3794,0.5295,19970.5,377232885.49
2023-03-25,1.3805,0.5213,19983.6,337646717.01
2023-03-26,1.4081,0.5131,19996.6,335318120.44
2023-03-27,1.3619,0.5049,20009.6,344632513.42
2023-03-28,1.3679,0.5135,20016.6,312032141.34
2023-03-29,1.4222,0.5903,20033.8,342303913.5
2023-03-30,1.4255,0.586,19727.4,360932699.46
2023-03-31,1.4492,0.6192,19749.5,328332327.38
2023-04-01,1.4475,0.6172,19757.5,326003727.46
2023-04-02,1.4305,0.5935,19759.9,346961109.99
2023-04-03,1.4143,0.5711,19765.1,305046344.93
2023-04-04,1.427,0.5892,19771.5,377232885.49
2023-04-05,1.4296,0.5847,19776.6,323675130.89
2023-04-06,1.4221,0.5801,19781.7,375586794.88
2023-04-07,1.4167,0.5755,19786.8,338032941.79
2023-04-08,1.418,0.5773,19789.0,349935509.41
2023-04-09,1.4377,0.6296,19808.4,347554997.26
2023-04-10,1.5036,0.6819,19827.7,292803183.44
2023-04-11,1.5294,0.7342,19847.1,366599104.77
2023-04-12,1.5128,0.7381,19861.0,380882187.98
2023-04-13,1.5346,0.7421,19875.0,338032941.79
2023-04-14,1.5374,0.746,19889.0,333271914.05
2023-04-15,1.5313,0.722,19895.4,376121160.24
2023-04-16,1.5295,0.698,19901.7,295183695.6
2023-04-17,1.487,0.6741,19908.1,368979620.35
2023-04-18,1.5309,0.6501,19914.5,395165271.18
2023-04-19,1.4517,0.6262,19920.9,330891401.9
2023-04-20,1.4243,0.5731,19920.0,319518832.83
2023-04-21,1.376,0.5201,19919.2,351118489.41
2023-04-22,1.4028,0.5576,19922.2,360804517.53
2023-04-23,1.3914,0.5416,19925.8,355961503.47
2023-04-24,1.3871,0.5661,19928.4,341432464.79
2023-04-25,1.4262,0.5904,19931.1,302688355.83
2023-04-26,1.43,0.5956,19939.1,314795889.23
2023-04-27,1.4837,0.6711,19949.3,314795889.23
2023-04-28,1.477,0.6619,19963.7,355961503.47
2023-04-29,1.4699,0.6526,19966.4,331746436.68
2023-04-30,1.4768,0.6623,19968.7,358383012.24
2023-05-01,1.4144,0.5746,19964.1,440714244.22
2023-05-02,1.443,0.6147,19971.3,312374380.45
2023-05-03,1.4583,0.6372,20006.0,341432464.79
2023-05-04,1.4487,0.6547,20011.0,351712781.63
2023-05-05,1.4831,0.6722,20016.0,283977798.86
2023-05-06,1.4503,0.6268,20050.8,355568839.35
2023-05-07,1.4363,0.5814,20085.6,331705160.33
2023-05-08,1.3847,0.5361,20120.4,326932423.84
2023-05-09,1.3803,0.5303,20116.9,360341575.84
2023-05-10,1.3806,0.5307,20114.4,405682570.78
2023-05-11,1.348,0.4845,20110.3,360341575.84
2023-05-12,1.3372,0.4694,20111.2,336477896.82
2023-05-13,1.3406,0.4742,20110.9,346023366.37
2023-05-14,1.3442,0.4795,20113.2,415228040.33
2023-05-15,1.3584,0.5,20134.7,350796102.86
2023-05-16,1.3477,0.485,20141.3,365114312.33
2023-05-17,1.3661,0.4786,20140.9,381818888.33
2023-05-18,1.3384,0.4722,20140.5,345151895.57
2023-05-19,1.3409,0.4757,20137.6,369469366.94
2023-05-20,1.3513,0.4904,20139.3,322669911.98
2023-05-21,1.3352,0.4676,20139.4,371932494.47
2023-05-22,1.3391,0.4714,20167.3,354690591.13
2023-05-23,1.3569,0.497,20171.7,379321880.61
2023-05-24,1.3131,0.4349,20167.2,347301205.0
2023-05-25,1.3186,0.444,20182.0,371932494.47
2023-05-26,1.3301,0.4606,20182.3,376858753.08
2023-05-27,1.3368,0.47,20182.9,357153718.66
2023-05-28,1.3981,0.5569,20191.4,394100656.42
2023-05-29,1.3812,0.5332,20195.7,399026915.02
2023-05-30,1.3782,0.5289,20203.6,379321880.61
2023-05-31,1.3534,0.494,20204.3,350148490.61
2023-06-01,1.3339,0.4662,20206.6,336187210.72
2023-06-02,1.3549,0.4961,20211.5,417687139.48
2023-06-03,1.3461,0.4927,20211.4,331093464.71
2023-06-04,1.35,0.4892,20211.3,376937175.1
2023-06-05,1.2827,0.3933,20201.7,351468445.07
2023-06-06,1.3528,0.4929,20214.7,384577792.27
2023-06-07,1.3095,0.4316,20211.0,343827827.89
2023-06-08,1.3185,0.4443,20212.1,392218409.45
2023-06-09,1.3159,0.4407,20212.4,430421502.66
2023-06-10,1.2861,0.3983,20207.1,392218409.45
2023-06-11,1.2883,0.4015,20204.9,415140264.64
2023-06-12,1.2884,0.4018,20201.5,399859030.29
2023-06-13,1.287,0.4001,20199.1,374390300.26
2023-06-14,1.2484,0.3452,20195.1,312665624.1
2023-06-15,1.2714,0.3779,20192.2,385148461.0
2023-06-16,1.3095,0.432,20197.1,398160232.47
2023-06-17,1.3186,0.4449,20196.6,364329623.65
2023-06-18,1.3102,0.4332,20202.6,392955523.13
2023-06-19,1.3319,0.4636,20194.6,369534332.98
2023-06-20,1.4074,0.5705,20202.9,353920204.97
2023-06-21,1.4946,0.6269,20225.8,314884890.56
2023-06-22,1.4864,0.6832,20248.8,356522561.51
2023-06-23,1.5188,0.7298,20270.7,325294309.24
2023-06-24,1.5137,0.7227,20281.3,379943751.66
2023-06-25,1.5091,0.7164,20288.3,398160232.47
2023-06-26,1.4977,0.7007,20299.5,379943751.66
2023-06-27,1.517,0.6939,20319.7,364329623.65
2023-06-28,1.4877,0.687,20339.9,280122385.03
2023-06-29,1.5054,0.7119,20342.0,367574940.7
2023-06-30,1.5056,0.7124,20358.2,397786578.42
2023-07-01,1.5083,0.7171,20386.8,334845664.39
2023-07-02,1.5085,0.7176,20392.1,430515854.74
2023-07-03,1.5343,0.7547,20404.3,344916211.51
2023-07-04,1.5174,0.7307,20408.8,354986758.62
2023-07-05,1.5022,0.7091,20413.0,392751304.87
2023-07-06,1.4785,0.6744,20387.6,349951485.07
2023-07-07,1.4954,0.6986,20393.8,440586401.85
2023-07-08,1.4919,0.6937,20396.2,448139310.38
2023-07-09,1.4867,0.6864,20399.0,425480581.18
2023-07-10,1.4976,0.7021,20405.6,387716031.31
2023-07-11,1.5077,0.7168,20417.1,339880937.95
2023-07-12,1.496,0.7001,20423.8,383801277.42
2023-07-13,1.547,0.7731,20432.1,321592672.23
2023-07-14,1.4917,0.6941,20432.5,369831573.25
2023-07-15,1.4906,0.6925,20433.6,369831573.25
2023-07-16,1.4884,0.6894,20435.5,415390537.05
2023-07-17,1.4836,0.6823,20430.9,364471694.93
2023-07-18,1.4678,0.6601,20437.5,434150109.24
2023-07-19,1.4712,0.6586,20443.4,396630964.86
2023-07-20,1.4656,0.6571,20449.3,343032185.51
2023-07-21,1.4715,0.6653,20444.7,300153162.8
2023-07-22,1.4618,0.6574,20444.9,359111820.47
2023-07-23,1.4783,0.6495,20445.1,393951023.77
2023-07-24,1.4348,0.6416,20445.3,401990843.18
2023-07-25,1.437,0.6338,20445.5,369831573.25
2023-07-26,1.4438,0.6259,20445.6,380796719.35
2023-07-27,1.4373,0.616,20426.0,358973120.02
2023-07-28,1.4479,0.6289,20356.2,364175629.44
2023-07-29,1.45,0.6318,20357.9,343365595.5
2023-07-30,1.4451,0.6269,20356.6,437010757.57
2023-07-31,1.4432,0.6221,20355.4,366776886.02
2023-08-01,1.4568,0.6414,20358.2,361574376.6
2023-08-02,1.4398,0.6169,20350.7,400593191.63
2023-08-03,1.4421,0.6203,20352.1,392789429.38
2023-08-04,1.4353,0.6107,20353.2,314751795.57
2023-08-05,1.4351,0.6103,20340.7,400593191.63
2023-08-06,1.4347,0.6098,20342.6,426605738.73
2023-08-07,1.4404,0.6179,20342.4,379783157.7
2023-08-08,1.4706,0.6607,20344.4,325156814.41
2023-08-09,1.4605,0.6466,20350.0,421665740.35
2023-08-10,1.4529,0.6358,20350.8,330756211.77
2023-08-11,1.4512,0.6334,20354.6,393261324.22
2023-08-12,1.4517,0.6342,20357.9,434931397.94
2023-08-13,1.4451,0.625,20360.7,351591250.51
2023-08-14,1.4511,0.6333,20363.5,445348917.31
2023-08-15,1.4392,0.6163,20365.2,445348917.31
2023-08-16,1.4189,0.5875,20365.2,424513878.57
2023-08-17,1.3166,0.4419,20357.2,406283221.56
2023-08-18,1.2868,0.3993,20338.7,362008769.87
2023-08-19,1.2897,0.4034,20335.3,364613147.84
2023-08-20,1.2938,0.4042,20329.2,421909500.61
2023-08-21,1.2915,0.4051,20323.0,429722638.26
2023-08-22,1.2844,0.406,20316.9,381739775.7
2023-08-23,1.3079,0.4068,20310.8,392623891.48
2023-08-24,1.2922,0.4077,20304.7,384329021.85
2023-08-25,1.2883,0.4022,20296.8,373269193.02
2023-08-26,1.2867,0.3999,20294.9,378799107.44
2023-08-27,1.2906,0.4053,20296.9,320735012.07
2023-08-28,1.2916,0.4068,20293.0,326264922.5
2023-08-29,1.3695,0.5169,20282.0,436863202.8
2023-08-30,1.3511,0.4908,20284.1,348384580.16
2023-08-31,1.2851,0.3972,20280.8,398153805.89
2023-09-01,1.2781,0.387,20272.5,417508504.35
2023-09-02,1.2814,0.3916,20271.0,420273463.54
2023-09-03,1.2861,0.3984,20269.2,436863202.8
2023-09-04,1.2782,0.3871,20267.1,411978589.93
2023-09-05,1.2777,0.3863,20272.4,342854665.74
2023-09-06,1.2766,0.3846,20257.5,364053703.25
2023-09-07,1.2992,0.4166,20254.6,393005454.37
2023-09-08,1.2842,0.3953,20253.8,358011817.2
2023-09-09,1.2838,0.3948,20251.4,406464544.4
2023-09-10,1.2807,0.3904,20250.7,395697270.83
2023-09-11,1.2466,0.3422,20244.0,427999091.54
2023-09-12,1.2825,0.3931,20242.0,379546364.34
2023-09-13,1.3007,0.4188,20241.7,395697270.83
2023-09-14,1.3165,0.4414,20248.5,436074544.78
2023-09-15,1.3221,0.4493,20264.1,506061819.12
2023-09-16,1.3162,0.4411,20264.5,417231817.97
2023-09-17,1.3136,0.4373,20265.2,401080907.61
2023-09-18,1.3262,0.4553,20271.3,419923634.42
2023-09-19,1.3475,0.4857,20287.2,386415687.75
2023-09-20,1.3434,0.4801,20286.2,414558854.2
2023-09-21,1.3157,0.4409,20282.9,391843298.76
2023-09-22,1.3162,0.4416,20282.8,366288300.92
2023-09-23,1.3159,0.4412,20283.0,442953294.42
2023-09-24,1.3016,0.421,20282.0,414558854.2
2023-09-25,1.3018,0.4212,20281.6,411719407.73
2023-09-26,1.2972,0.4147,20280.0,386164409.89
2023-09-27,1.3042,0.4247,20278.6,445792740.9
2023-09-28,1.3384,0.4733,20268.4,414558854.2
2023-09-29,1.3322,0.4645,20272.4,417398296.59
2023-09-30,1.3353,0.469,20275.3,391843298.76
2023-10-01,1.3584,0.5368,20277.1,400361634.09
2023-10-02,1.352,0.5099,20284.1,445792740.9
2023-10-03,1.369,0.5008,20295.9,466801497.0
2023-10-04,1.351,0.5253,20304.3,373280258.57
2023-10-05,1.3758,0.4995,20301.0,401774937.15
2023-10-06,1.3769,0.535,20309.5,455914820.29
2023-10-07,1.375,0.5367,20302.6,487258964.67
2023-10-08,1.3576,0.5341,20304.1,421721210.1
2023-10-09,1.3492,0.5094,20310.1,444516948.86
2023-10-10,1.3203,0.4974,20310.3,461613756.0
2023-10-11,1.3162,0.4561,20320.3,455914820.29
2023-10-12,1.3212,0.4502,20317.8,470162157.53
2023-10-13,1.3216,0.4574,20316.4,393226531.52
2023-10-14,1.3347,0.4581,20326.0,416022274.39
2023-10-15,1.4015,0.4768,20327.7,475861093.24
2023-10-16,1.3976,0.5723,20340.4,417078811.48
2023-10-17,1.3922,0.5669,20344.7,491483968.44
2023-10-18,1.4102,0.5592,20348.5,439908488.33
2023-10-19,1.4589,0.5848,20345.4,424739231.02
2023-10-20,1.4692,0.6547,20362.0,406536123.99
2023-10-21,1.4719,0.6695,20367.1,455077750.02
2023-10-22,1.6135,0.6735,20371.6,464179303.53
2023-10-23,1.6544,0.8778,20424.0,476314711.13
2023-10-24,1.6816,0.9387,20479.3,382265308.79
2023-10-25,1.6637,0.979,20509.4,436874638.62
2023-10-26,1.6488,0.9548,20545.9,455077750.02
2023-10-27,1.6574,0.9338,20558.6,467213153.25
2023-10-28,1.68,0.9465,20569.4,485416264.64
2023-10-29,1.6747,0.9794,20580.1,415637677.5
2023-10-30,1.68,0.9724,20597.8,482896145.82
2023-10-31,1.7153,0.9808,20617.1,481286783.37
2023-11-01,1.6874,1.0336,20656.1,462656325.77
2023-11-02,1.6775,0.9938,20672.2,447130946.67
2023-11-03,1.6952,0.9801,20690.8,422290336.54
2023-11-04,1.6953,1.0061,20700.3,521652772.61
2023-11-05,1.6901,1.0064,20707.1,506127389.04
2023-11-06,1.7077,0.9992,20719.8,394344652.37
2023-11-07,1.7245,1.0256,20740.5,412975109.97
2023-11-08,1.7622,1.0506,20758.7,462656325.77
2023-11-09,1.7929,1.1079,20812.2,444025872.64
2023-11-10,1.7736,1.1539,20842.5,478181704.87
2023-11-11,1.7765,1.126,20850.4,496812162.47
2023-11-12,1.7512,1.1303,20857.5,506634196.25
2023-11-13,1.7054,1.0938,20867.3,389037995.74
2023-11-14,1.8102,1.027,20869.4,443696223.84
2023-11-15,1.7292,1.1812,20904.6,475848126.8
2023-11-16,1.7478,1.0633,20911.2,475848126.8
2023-11-17,1.7477,1.0908,20923.2,482278507.39
2023-11-18,1.7882,1.0907,20928.9,479063314.78
2023-11-19,1.7897,1.15,20939.4,546582308.68
2023-11-20,1.7177,1.1533,20961.8,533721547.5
2023-11-21,1.7807,1.0487,20978.4,488708887.98
2023-11-22,1.7756,1.1419,21005.2,456556985.02
2023-11-23,1.7937,1.1346,21013.9,472632934.19
2023-11-24,1.7969,1.1617,21028.9,540151928.09
2023-11-25,1.7813,1.1666,21035.9,511704247.86
2023-11-26,1.7687,1.1437,21043.0,493217212.1
2023-11-27,1.7957,1.1254,21048.9,439166011.38
2023-11-28,1.7944,1.1656,21066.2,496595410.02
2023-11-29,1.7878,1.1648,21091.1,459435208.61
2023-11-30,1.832,1.155,21094.6,452678812.77
2023-12-01,1.8666,1.2212,21126.9,570915812.84
2023-12-02,1.8896,1.2725,21141.7,429031407.9
2023-12-03,1.9742,1.3069,21157.3,557403011.45
2023-12-04,2.0702,1.4355,21229.5,523621012.82
2023-12-05,2.049,1.5806,21286.2,466191609.31
2023-12-06,2.0242,1.5532,21349.8,459435208.61
2023-12-07,2.0636,1.5182,21382.7,388493008.57
2023-12-08,2.0406,1.5787,21421.8,456057010.69
2023-12-09,2.0391,1.5449,21434.8,530377413.51
2023-12-10,1.9204,1.5429,21446.8,469156589.98
2023-12-11,1.9284,1.367,21458.8,528635574.13
2023-12-12,1.9945,1.3812,21503.4,481794448.29
2023-12-13,1.9971,1.4807,21528.7,498523421.11
2023-12-14,1.9456,1.4853,21548.1,488486038.38
2023-12-15,1.9546,1.4099,21576.1,545364546.96
2023-12-16,1.9184,1.4238,21591.9,508560808.67
2023-12-17,1.971,1.3696,21595.1,501869218.57
2023-12-18,1.9523,1.4499,21631.6,562093524.61
2023-12-19,2.0104,1.4228,21652.7,542018754.32
2023-12-20,2.0206,1.5116,21690.3,485140240.92
2023-12-21,2.0244,1.5278,21712.0,488486038.38
2023-12-22,2.0121,1.5348,21740.1,562093524.61
2023-12-23,1.979,1.5166,21753.4,561495983.99
2023-12-24,2.0022,1.4682,21777.6,612085087.55
2023-12-25,1.9477,1.5031,21788.3,497542850.09
2023-12-26,1.9845,1.4226,21816.4,497542850.09
2023-12-27,1.9482,1.4822,21887.6,461748397.66
2023-12-28,1.9153,1.4279,21902.7,433112840.87
2023-12-29,1.9235,1.3795,21928.1,540496187.85
2023-12-30,1.9232,1.3922,21941.2,519019516.39
2023-12-31,2.005,1.3918,21952.1,558393411.49
2024-01-01,2.0418,1.5158,21969.7,554813968.82
2024-01-02,1.9416,1.5736,22010.1,468907288.15
2024-01-03,1.9913,1.4229,22030.0,565552301.97
2024-01-04,1.9838,1.5104,22222.3,608505644.89
2024-01-05,1.9726,1.5005,22253.9,493963402.27
2024-01-06,1.9686,1.4835,22263.7,509355148.23
2024-01-07,2.1052,1.4773,22271.9,429363545.32
2024-01-08,2.0611,1.6882,22316.8,447556920.06
2024-01-09,2.0904,1.6231,22358.8,553078470.49
2024-01-10,2.0676,1.6699,22396.3,483943659.06
2024-01-11,1.9102,1.6367,22432.7,629490625.53
2024-01-12,1.911,1.3938,22415.7,611297256.03
2024-01-13,1.8681,1.395,22421.0,578549188.84
2024-01-14,1.8958,1.3289,22423.2,465750289.56
2024-01-15,1.9151,1.3715,22433.0,414808852.87
2024-01-16,1.8929,1.4073,22542.3,454834268.91
2024-01-17,1.8264,1.3732,22552.1,440279571.22
2024-01-18,1.8403,1.2728,22591.9,516691726.25
2024-01-19,1.8428,1.2947,22608.4,480304987.26
2024-01-20,1.8368,1.2983,22611.3,512668948.52
2024-01-21,1.7507,1.2887,22614.0,489551346.64
2024-01-22,1.7569,1.1555,22606.4,559487254.03
2024-01-23,1.7694,1.1652,22618.5,538506480.3
2024-01-24,1.7599,1.1866,22664.1,524519302.85
2024-01-25,1.8437,1.1726,22681.6,632919954.51
2024-01-26,1.8545,1.3027,22705.3,531512894.1
2024-01-27,1.8478,1.3196,22714.7,597952003.34
2024-01-28,1.9003,1.3092,22720.2,559487254.03
2024-01-29,1.8845,1.391,22743.1,545500071.54
2024-01-30,1.8658,1.369,22791.8,503538529.13
2024-01-31,1.8837,1.3417,22826.7,458080188.57
2024-02-01,1.8885,1.3696,22838.3,535009687.2
2024-02-02,1.8807,1.3774,22851.9,677399664.68
2024-02-03,1.8624,1.3649,22855.1,566738184.03
2024-02-04,1.8633,1.3366,22860.7,581751117.27
2024-02-05,1.8818,1.3382,22872.7,585504347.88
2024-02-06,1.9299,1.3683,22905.3,638049614.24
2024-02-07,1.9742,1.4439,22930.2,600517281.13
2024-02-08,2.0509,1.5142,22961.7,517946153.69
2024-02-09,2.0757,1.6355,23003.1,623036680.99
2024-02-10,2.0917,1.6748,23024.5,570491420.04
2024-02-11,2.1635,1.7002,23044.1,514192923.08
2024-02-12,2.1446,1.8158,23106.5,671828711.33
2024-02-13,2.2275,1.788,23141.3,506686456.46
2024-02-14,2.2277,1.9273,23274.8,521699389.7
2024-02-15,2.2334,1.9297,23315.4,606890743.63
2024-02-16,2.2111,1.9405,23353.7,544386619.02
2024-02-17,2.2292,1.9056,23370.5,609388005.41
2024-02-18,2.2077,1.9347,23393.1,491572990.76
2024-02-19,2.2264,1.9055,23465.3,552511787.2
2024-02-20,2.1992,1.9361,23494.3,572824725.2
2024-02-21,2.1763,1.8947,23528.5,560636961.23
2024-02-22,2.151,1.8604,23569.1,548449203.11
2024-02-23,2.1829,1.8227,23611.4,645951285.61
2024-02-24,2.1887,1.8733,23628.6,556574377.14
2024-02-25,2.3004,1.8825,23642.3,666264217.76
2024-02-26,2.393,2.064,23714.5,540324029.08
2024-02-27,2.5788,2.2208,23840.6,524073681.02
2024-02-28,2.5236,2.5545,24220.8,605325415.47
2024-02-29,2.5522,2.4735,24328.0,540324029.08
2024-03-01,2.5305,2.5348,24498.3,607463923.13
2024-03-02,2.5649,2.499,24520.5,500960507.6
2024-03-03,2.7512,2.5564,24558.9,611408497.24
2024-03-04,2.5658,2.879,24749.9,508849650.12
2024-03-05,2.6122,2.5894,24924.4,658743346.69
2024-03-06,2.6307,2.7037,25305.5,552239931.16
2024-03-07,2.6638,2.7516,25495.3,710022770.25
2024-03-08,2.6645,2.8215,25656.7,607463923.13
2024-03-09,2.6733,2.8247,25709.8,642965061.65
2024-03-10,2.776,2.8421,25766.5,564073647.78
2024-03-11,2.7328,3.0402,26007.6,670577063.32
2024-03-12,2.7468,2.9767,26138.7,556184505.26
2024-03-13,2.6766,3.0497,26605.7,631131350.7
2024-03-14,2.5932,2.9348,26714.6,580862770.29
2024-03-15,2.4434,2.7909,26772.1,529980319.01
2024-03-16,2.542,2.5262,26780.2,600922569.47
2024-03-17,2.5188,2.7037,26863.1,609268716.93
2024-03-18,2.3065,2.6639,26906.5,600922569.47
2024-03-19,2.5174,2.286,26867.3,655172524.99
2024-03-20,2.4251,2.6601,26951.3,621787935.13
2024-03-21,2.3472,2.4989,26991.0,500768805.89
2024-03-22,2.3551,2.3649,27047.3,563364908.88
2024-03-23,2.4591,2.4009,27328.1,650999448.25
2024-03-24,2.532,2.5853,27363.6,709422480.52
2024-03-25,2.5299,2.7404,27663.0,550845690.68
2024-03-26,2.4973,2.7363,27697.6,559191838.15
2024-03-27,2.5423,2.6784,27737.0,567537979.61
2024-03-28,2.5068,2.7673,27859.2,630471212.22
2024-03-29,2.496,2.7031,27890.8,595046224.98
2024-03-30,2.5495,2.682,27910.1,640501145.61
2024-03-31,2.4839,2.7769,27938.1,566120367.49
2024-04-01,2.3258,2.6711,28098.0,619839819.67
2024-04-02,2.3436,2.3906,28176.6,611575288.11
2024-04-03,2.4223,2.4234,28217.7,586781693.42
2024-04-04,2.4018,2.5656,28252.9,570252630.29
2024-04-05,2.4423,2.5273,28272.0,611575288.11
2024-04-06,2.4498,2.6003,28307.5,640501145.61
2024-04-07,2.5259,2.6122,28326.1,702485129.36
2024-04-08,2.4312,2.7519,28390.5,652897939.98
2024-04-09,2.4809,2.5798,28412.3,603310756.55
2024-04-10,2.4599,2.6694,28449.3,627214744.59
2024-04-11,2.3557,2.6307,28475.0,566860611.6
2024-04-12,2.2667,2.4408,28483.3,584038201.02
2024-04-13,2.3038,2.2779,28477.9,704281364.05
2024-04-14,2.2247,2.3435,28495.9,674220574.84
2024-04-15,2.2356,2.1992,28495.8,605510198.61
2024-04-16,2.1501,2.2194,28531.6,708575759.86
2024-04-17,2.2237,2.0634,28521.4,588332603.01
2024-04-18,2.2295,2.1963,28561.1,622687788.03
2024-04-19,2.2689,2.2076,28599.2,648454181.43
2024-04-20,2.2702,2.2766,28608.0,558271813.8
2024-04-21,2.3364,2.2774,28618.1,601215796.62
2024-04-22,2.3154,2.3963,28653.2,652748583.43
2024-04-23,2.2292,2.3577,28670.8,721458959.65
2024-04-24,2.2394,2.2105,28795.2,672198686.54
2024-04-25,2.2134,2.2277,28809.1,626294685.53
2024-04-26,2.2003,2.1792,28814.3,582497851.07
2024-04-27,2.1827,2.1546,28827.7,613155632.04
2024-04-28,2.2131,2.123,28853.0,613155632.04
2024-04-29,2.0995,2.1772,28878.0,573738484.18
2024-04-30,2.0152,1.972,28881.4,617535318.64
2024-05-01,2.0509,1.8175,28852.1,578118170.78
2024-05-02,2.1807,1.88,28850.8,635054046.12
2024-05-03,2.2107,2.1125,28882.6,564979117.28
2024-05-04,2.2167,2.1652,28896.0,617535318.64
2024-05-05,2.1862,2.1743,28902.8,608775951.75
2024-05-06,2.1572,2.1193,28921.4,534321336.31
2024-05-07,2.1105,2.0659,28924.9,534321336.31
2024-05-08,2.1752,1.9819,28940.1,556219750.39
2024-05-09,2.103,2.0971,28961.8,612635655.65
2024-05-10,2.1005,1.9662,28957.2,599332434.93
2024-05-11,2.1198,1.9608,28966.9,657199019.74
2024-05-12,2.1682,1.9944,28980.5,545599186.54
2024-05-13,2.1214,2.0806,29003.8,607599089.91
2024-05-14,2.2757,1.9964,29016.4,562132490.53
2024-05-15,2.2388,2.2773,29125.7,582799130.94
2024-05-16,2.2935,2.2114,29153.5,586932455.45
2024-05-17,2.2934,2.3098,29193.6,640665709.8
2024-05-18,2.2677,2.308,29205.1,529065876.59
2024-05-19,2.4307,2.2611,29218.3,636532379.34
2024-05-20,2.3922,2.5551,29292.5,644799034.31
2024-05-21,2.3505,2.4885,29352.9,570399145.5
2024-05-22,2.3034,2.4141,29387.2,632399054.82
2024-05-23,2.3299,2.3298,29416.5,706501036.65
2024-05-24,2.3518,2.3771,29446.7,671140034.09
2024-05-25,2.3219,2.4145,29460.0,671140034.09
2024-05-26,2.3493,2.36,29478.6,704697038.51
2024-05-27,2.276,2.4096,29518.6,515938903.74
2024-05-28,2.2497,2.3156,30027.3,562079781.8
2024-05-29,2.2746,2.2665,30041.9,574663655.44
2024-05-30,2.2404,2.3107,30060.5,515938903.74
2024-05-31,2.2508,2.2474,30073.5,620804533.5
2024-06-01,2.2529,2.2647,30084.4,591442157.65
2024-06-02,2.2828,2.2671,30097.1,587247529.07
2024-06-03,2.336,2.3231,30152.4,658556160.45
2024-06-04,2.3501,2.4207,30202.5,562079781.8
2024-06-05,2.3338,2.447,30249.3,515938903.74
2024-06-06,2.2838,2.4214,30331.8,554745618.72
2024-06-07,2.2818,2.3303,30361.3,590944002.3
2024-06-08,2.2918,2.3253,30375.8,715791324.87
2024-06-09,2.2844,2.342,30388.6,636721355.3
2024-06-10,2.2108,2.3277,30408.4,578459271.84
2024-06-11,2.2365,2.1967,30472.4,511874032.73
2024-06-12,2.1892,2.2431,30499.9,607590313.57
2024-06-13,2.1623,2.1556,30506.0,603428732.75
2024-06-14,2.1686,2.1055,30515.0,532681918.83
2024-06-15,2.1817,2.1159,30529.2,557651385.74
2024-06-16,2.176,2.1382,30537.0,678337127.5
2024-06-17,2.1312,2.1271,30553.1,582620846.66
2024-06-18,2.1225,2.0441,30552.3,632559780.48
2024-06-19,2.1228,2.0277,30566.7,570136116.2
2024-06-20,2.0948,2.0268,30571.4,553312848.26
2024-06-21,2.0944,1.976,30592.3,582332777.67
2024-06-22,2.0646,1.9792,30681.0,632247019.86
2024-06-23,1.9659,1.9239,30681.1,465866224.53
2024-06-24,2.0138,1.7426,30652.8,632247019.86
2024-06-25,1.9831,1.828,30657.9,515780460.74
2024-06-26,2.0045,1.7713,30655.6,503301903.18
2024-06-27,1.9633,1.812,30715.9,540737581.83
2024-06-28,1.9821,1.7365,30714.9,561535179.75
2024-06-29,2.0423,1.7693,30719.8,653044617.78
2024-06-30,2.0432,1.877,30732.5,503301903.18
2024-07-01,2.0171,1.8785,30754.2,586492300.85
2024-07-02,1.9565,1.8301,30751.7,615608939.13
2024-07-03,1.8671,1.7214,30777.7,603130375.59
2024-07-04,1.8422,1.5583,30752.1,582332777.67
2024-07-05,1.8917,1.5145,30790.4,480652547.19
2024-07-06,1.8221,1.603,30797.0,652035051.07
2024-07-07,1.8423,1.477,30795.1,557193592.62
2024-07-08,1.8828,1.5113,30772.1,628324689.31
2024-07-09,1.8737,1.5842,30794.9,608566046.91
2024-07-10,1.8604,1.5674,30806.9,537434950.22
2024-07-11,1.8777,1.5426,30804.1,553241861.86
2024-07-12,1.9245,1.5732,30813.9,592759140.96
2024-07-13,1.9783,1.6567,30828.9,608566046.91
2024-07-14,2.0943,1.7527,30842.9,659938506.89
2024-07-15,2.1025,1.9633,30909.4,604614321.85
2024-07-16,2.0722,1.9804,30972.2,580903954.39
2024-07-17,2.0633,1.9251,30982.0,628324689.31
2024-07-18,2.1468,1.9093,31010.9,515736551.87
2024-07-19,2.1595,2.0631,31095.6,599556359.57
2024-07-20,2.1862,2.0852,31111.0,672971424.24
2024-07-21,2.1675,2.1325,31130.3,689285884.36
2024-07-22,2.1096,2.0989,31158.4,730072034.67
2024-07-23,2.0911,1.9987,31246.0,689285884.36
2024-07-24,2.1011,1.9642,31253.5,571006057.29
2024-07-25,2.168,1.9823,31280.5,664814194.18
2024-07-26,2.1715,2.1039,31325.0,652578352.03
2024-07-27,2.1737,2.11,31350.5,628106661.84
2024-07-28,2.1304,2.1128,31361.7,603634977.53
2024-07-29,2.1075,2.0347,31387.9,725993416.7
2024-07-30,2.0601,1.9931,31404.9,611792207.59
2024-07-31,2.0735,1.906,31401.6,615358184.02
2024-08-01,1.9581,1.9305,31434.6,630987878.52
2024-08-02,1.9319,1.7207,31411.0,563382038.56
2024-08-03,1.8566,1.6726,31413.6,608452598.53
2024-08-04,1.7346,1.5362,31405.2,644509051.7
2024-08-05,1.7901,1.3136,31328.9,703100778.36
2024-08-06,1.761,1.4113,31309.6,630987878.52
2024-08-07,1.974,1.3585,31305.5,549860865.38
2024-08-08,1.9349,1.7407,31361.7,581410258.66
2024-08-09,1.9371,1.6707,31382.8,585917318.55
2024-08-10,1.8727,1.6758,31424.2,581410258.66
2024-08-11,1.8901,1.5595,31417.1,725636064.84
2024-08-12,1.9264,1.59,31423.1,617466711.83
2024-08-13,1.8735,1.6538,31424.3,671551385.09
2024-08-14,1.8358,1.5576,31406.8,593799520.59
2024-08-15,1.8765,1.4892,31400.1,690944705.11
2024-08-16,1.8919,1.561,31402.6,613213425.71
2024-08-17,1.872,1.5876,31404.7,643442255.9
2024-08-18,1.8913,1.5513,31406.6,673671086.08
2024-08-19,1.8824,1.5851,31413.4,561392574.85
2024-08-20,1.9452,1.5681,31408.0,647760663.76
2024-08-21,1.9212,1.6797,31427.1,634805446.38
2024-08-22,2.0359,1.6364,31436.3,690944705.11
2024-08-23,2.0321,1.842,31488.1,708218324.14
2024-08-24,2.0466,1.8349,31506.8,660715874.92
2024-08-25,1.998,1.8598,31515.0,574347786.01
2024-08-26,1.892,1.7727,31523.2,578666193.87
2024-08-27,1.8758,1.581,31474.0,613213425.71
2024-08-28,1.8834,1.5531,31506.5,704440301.01
2024-08-29,1.877,1.5656,31507.6,587091198.73
2024-08-30,1.8707,1.5536,31509.6,631567801.69
2024-08-31,1.82,1.542,31517.0,653806103.17
2024-09-01,1.8771,1.4511,31510.2,631567801.69
2024-09-02,1.8297,1.5516,31515.5,742759315.48
2024-09-03,1.8419,1.4663,31500.7,662701425.04
2024-09-04,1.7819,1.4873,31508.0,671596746.91
2024-09-05,1.7108,1.38,31490.0,689387390.65
2024-09-06,1.7182,1.2531,31469.8,644910781.29
2024-09-07,1.7435,1.2655,31466.8,702730370.26
2024-09-08,1.8141,1.3094,31465.6,742759315.48
2024-09-09,1.8309,1.4344,31495.9,644910781.29
2024-09-10,1.8228,1.4633,31496.0,609329500.21
2024-09-11,1.8449,1.4483,31495.0,496254188.96
2024-09-12,1.9182,1.4869,31505.2,700222817.51
2024-09-13,1.9011,1.6177,31559.8,566627674.52
2024-09-14,1.8732,1.5869,31565.1,640335338.47
2024-09-15,1.8442,1.537,31566.4,695616084.78
2024-09-16,1.9066,1.4856,31573.1,575841133.34
2024-09-17,1.9385,1.5955,31595.3,691009358.68
2024-09-18,1.9894,1.6523,31625.8,635728605.74
2024-09-19,1.9913,1.7429,31665.0,562020941.79
2024-09-20,1.9972,1.7478,31715.7,667975708.31
2024-09-21,2.0031,1.7579,31727.9,621908420.82
2024-09-22,1.9932,1.7675,31736.9,626515146.92
2024-09-23,2.0232,1.7511,31775.9,672582441.04
2024-09-24,1.9808,1.8043,31802.0,667975708.31
2024-09-25,2.0409,1.7302,31835.0,655944699.44
2024-09-26,2.0611,1.8373,31876.9,571298869.59
2024-09-27,2.0597,1.8734,31908.5,602061115.63
2024-09-28,2.0544,1.871,31931.6,566904259.39
2024-09-29,1.9807,1.8607,31940.5,681164035.84
2024-09-30,1.9063,1.7294,31938.9,602061115.63
2024-10-01,1.9011,1.5966,31924.7,689953249.9
2024-10-02,1.9037,1.5864,31921.0,681164035.84
2024-10-03,1.9427,1.59,31920.1,694347853.77
2024-10-04,1.9416,1.6587,31942.1,742688527.93
2024-10-05,1.9647,1.6562,31948.1,663585607.72
2024-10-06,1.9525,1.6963,31958.4,667980217.92
2024-10-07,1.9268,1.6742,31968.2,681164035.84
2024-10-08,1.8802,1.6421,32243.6,733899313.87
2024-10-09,1.8687,1.5585,32239.4,575872986.87
2024-10-10,1.9319,1.5367,32227.1,709250576.2
2024-10-11,1.954,1.6529,32332.0,640613421.54
2024-10-12,1.9396,1.6917,32345.9,654340856.42
2024-10-13,2.0395,1.6657,32357.8,631461800.48
2024-10-14,2.0602,1.8443,32404.5,636037614.3
2024-10-15,2.0799,1.8845,32489.4,713826383.43
2024-10-16,2.0678,1.9206,32532.6,645189235.36
2024-10-17,2.0978,1.8996,32564.6,718402197.26
2024-10-18,2.0953,1.9536,32601.8,622310179.42
2024-10-19,2.1103,1.949,32624.5,791615159.16
2024-10-20,2.0569,1.9789,32702.5,791615159.16
2024-10-21,2.0549,1.8872,32787.0,782463538.1
2024-10-22,2.0302,1.8836,32812.9,639026240.62
2024-10-23,2.0736,1.8391,32828.8,718143297.51
2024-10-24,2.0159,1.9168,32857.1,699119632.46
2024-10-25,2.0384,1.8132,32869.7,727655130.04
2024-10-26,2.0673,1.8527,32880.6,694363719.62
2024-10-27,2.1208,1.9035,32894.1,765702460.15
2024-10-28,2.1994,2.0003,32941.6,798993870.56
2024-10-29,2.1895,2.1454,33045.0,746678795.09
2024-10-30,2.1253,2.1287,33089.8,803749783.4
2024-10-31,2.0967,2.0133,33109.0,751434707.93
2024-11-01,2.0885,1.9624,33139.2,727655130.04
2024-11-02,2.073,1.947,33154.3,670584141.73
2024-11-03,2.0422,1.9183,33161.1,627780898.79
2024-11-04,2.0934,1.8634,33189.7,722003987.1
2024-11-05,2.2654,1.9551,33217.7,702351990.31
2024-11-06,2.2681,2.2738,33414.2,773092476.76
2024-11-07,2.2785,2.282,33496.3,788251150.35
2024-11-08,2.2855,2.304,33578.6,717510663.9
2024-11-09,2.3863,2.316,33603.0,702351990.31
2024-11-10,2.6147,2.5017,33696.2,747828018.35
2024-11-11,2.5744,2.9345,33984.3,687193309.44
2024-11-12,2.6238,2.8754,34201.6,737722233.54
2024-11-13,2.5169,2.9819,34442.7,697299094.26
2024-11-14,2.6166,2.7983,34647.2,641717281.4
2024-11-15,2.5963,2.9934,34830.7,757933803.17
2024-11-16,2.5701,2.9558,34883.0,793304046.4
2024-11-17,2.5868,2.9055,34914.9,757933803.17
2024-11-18,2.6161,2.9408,35019.7,789337179.17
2024-11-19,2.6546,3.0114,35264.0,889845956.74
2024-11-20,2.7357,3.0961,35470.7,747470599.86
2024-11-21,2.7269,3.2923,36022.0,732216100.21
2024-11-22,2.6825,3.2932,36282.9,727131269.43
2024-11-23,2.6842,3.2153,36424.2,701707093.59
2024-11-24,2.5509,3.2198,36502.7,681367763.17
2024-11-25,2.5042,2.9676,36591.7,859336950.13
2024-11-26,2.607,2.8814,36689.0,706791931.69
2024-11-27,2.5937,3.0842,36820.4,676282925.07
2024-11-28,2.631,3.0613,36911.2,722046431.34
2024-11-29,2.6035,3.1366,37019.8,615264919.16
2024-11-30,2.6276,3.0813,37051.4,833912781.61
2024-12-01,2.5726,3.1258,37094.7,803403774.99
2024-12-02,2.5715,3.0247,37209.9,649987948.11
2024-12-03,2.6375,3.0279,37337.1,811042072.28
2024-12-04,2.5624,3.1638,37504.8,759383337.53
2024-12-05,2.6197,3.0403,37834.9,800710325.33
2024-12-06,2.6172,3.1726,38154.4,702558733.03
2024-12-07,2.6358,3.166,38199.6,733553973.88
2024-12-08,2.5283,3.2001,38241.8,754217467.78
2024-12-09,2.5043,3.0066,38519.7,862700799.59
2024-12-10,2.6078,2.9659,38668.4,795544448.14
2024-12-11,2.5725,3.1791,38848.5,733553973.88
2024-12-12,2.5964,3.1086,38907.9,764549214.73
2024-12-13,2.5956,3.1586,39011.4,878198423.73
2024-12-14,2.6716,3.1548,39053.3,821373819.23
2024-12-15,2.6905,3.3056,39134.7,707724610.23
2024-12-16,2.6825,3.3543,39344.4,797498864.71
2024-12-17,2.5338,3.35,39558.5,733677846.69
2024-12-18,2.4493,3.0559,39652.3,776835370.74
2024-12-19,2.4389,2.9001,39888.5,782230057.36
2024-12-20,2.4248,2.8847,40024.8,814598200.4
2024-12-21,2.3683,2.8532,40041.7,782230057.36
2024-12-22,2.3466,2.7452,40175.7,836176962.42
2024-12-23,2.4326,2.7127,40399.1,749861922.09
2024-12-24,2.4458,2.8919,40549.2,712099092.43
2024-12-25,2.3549,2.9157,40574.5,814598200.4
2024-12-26,2.3165,2.7307,40608.3,706704398.04
2024-12-27,2.3374,2.6539,40672.8,852361030.06
2024-12-28,2.294,2.6937,40696.5,771440684.12
2024-12-29,2.2645,2.6055,40740.4,853362734.12
2024-12-30,2.2808,2.55,40859.1,867710158.6
2024-12-31,2.303,2.585,40945.8,703991256.01
2025-01-01,2.3579,2.6306,41013.5,764021519.25
2025-01-02,2.3863,2.7414,41075.6,911368526.87
2025-01-03,2.3875,2.7974,41118.5,774936113.28
2025-01-04,2.391,2.7973,41143.2,813137188.45
2025-01-05,2.4771,2.8012,41161.1,851338263.63
2025-01-06,2.3467,2.9761,41250.3,725820444.07
2025-01-07,2.2987,2.7144,41323.9,731277745.01
2025-01-08,2.2338,2.6153,41345.4,682162075.81
2025-01-09,2.2901,2.4812,41340.0,829509083.43
2025-01-10,2.2855,2.5932,41378.0,774936113.28
2025-01-11,2.2787,2.5816,41394.2,753106925.22
2025-01-12,2.278,2.5652,41407.6,939920313.7
2025-01-13,2.3281,2.5618,41429.5,702796045.26
2025-01-14,2.4095,2.6618,41480.7,845551487.38
2025-01-15,2.3989,2.8271,41573.2,763192581.2
2025-01-16,2.4959,2.8084,41676.3,702796045.26
2025-01-17,2.4947,3.0061,41786.9,823589117.14
2025-01-18,2.4107,3.003,41848.3,713777234.33
2025-01-19,2.4451,2.8319,41878.2,823589117.14
2025-01-20,2.5189,2.9018,41957.7,834570306.21
2025-01-21,2.459,3.0535,42077.7,730249013.98
2025-01-22,2.4555,2.9375,42208.4,823589117.14
2025-01-23,2.4652,2.9409,42430.0,746720793.64
2025-01-24,2.467,2.959,42478.0,768683171.78
2025-01-25,2.4184,2.9599,42507.2,702796045.26
2025-01-26,2.3934,2.8582,42521.9,752211392.13
2025-01-27,2.3733,2.8074,42578.3,841019046.86
2025-01-28,2.4363,2.7651,42615.2,795344640.92
2025-01-29,2.4578,2.8901,42654.0,832962291.91
2025-01-30,2.3926,2.9328,42716.8,779222784.97
2025-01-31,2.3533,2.7991,42740.9,671743786.55
2025-02-01,2.2786,2.7169,42752.9,988806850.46
2025-02-02,2.3717,2.5638,42756.6,918945495.29
2025-02-03,2.2808,2.7512,42830.6,822214390.53
2025-02-04,2.2465,2.5696,42901.7,703987482.98
2025-02-05,2.2433,2.5024,42981.4,773848838.14
2025-02-06,2.2388,2.4958,43035.1,779222784.97
2025-02-07,2.243,2.4846,43052.5,929693396.68
2025-02-08,2.2325,2.4908,43069.0,859832041.52
2025-02-09,2.256,2.4708,43139.2,796800432.7
2025-02-10,2.2178,2.516,43162.6,788864729.43
2025-02-11,2.2615,2.4385,43198.0,703735439.56
2025-02-12,2.2327,2.5243,43227.0,754813011.85
2025-02-13,2.2517,2.4642,43237.7,896695156.19
2025-02-14,2.2545,2.5005,43263.3,862643446.78
2025-02-15,2.222,2.5041,43284.1,908045728.72
2025-02-16,2.2126,2.4364,43287.1,856968156.43
2025-02-17,2.2037,2.4151,43294.1,777514156.9
2025-02-18,2.2305,2.3955,43310.3,794540011.61
2025-02-19,2.2692,2.4469,43330.7,715086012.08
2025-02-20,2.2145,2.5223,43360.6,737787157.14
2025-02-21,2.226,2.4115,43372.1,732111866.79
2025-02-22,2.2136,2.4328,43399.3,788864729.43
2025-02-23,2.1164,2.406,43409.3,727639381.14
2025-02-24,2.0451,2.2108,43408.1,714530231.6
2025-02-25,1.9372,2.0675,43407.0,807968795.72
2025-02-26,1.9513,1.8503,43356.3,862932663.95
2025-02-27,1.9429,1.8772,43369.8,824457960.14
2025-02-28,1.9798,1.8587,43360.2,857436273.17
2025-03-01,2.1723,1.9298,43360.7,791479639.2
2025-03-02,1.9891,2.3097,43422.4,692544684.3
2025-03-03,2.0119,1.9457,43395.6,824457960.14
2025-03-04,2.0855,1.9892,43403.0,802472412.85
2025-03-05,2.0746,2.1342,43452.1,736515778.89
2025-03-06,1.9906,2.1124,43489.1,934385688.69
2025-03-07,1.9817,1.9453,43481.0,780486865.56
2025-03-08,1.8553,1.9262,43483.5,753004935.4
2025-03-09,1.8183,1.6765,43468.5,878405393.01
2025-03-10,1.903,1.6022,43450.3,858547238.62
2025-03-11,1.9219,1.7679,43483.5,769347526.04
2025-03-12,1.8643,1.8048,43514.7,852972260.1
2025-03-13,1.932,1.6906,43506.3,886422155.32
2025-03-14,1.9375,1.8227,43532.2,791647456.19
2025-03-15,1.8948,1.8321,43537.3,735897638.84
2025-03-16,1.9296,1.7472,43537.3,808372399.79
2025-03-17,1.8989,1.814,43539.5,780497491.11
2025-03-18,1.9912,1.7528,43541.3,791647456.19
2025-03-19,1.9298,1.9328,43579.0,847397281.57
2025-03-20,1.9282,1.8122,43592.0,791647456.19
2025-03-21,1.9224,1.8079,43600.7,808372399.79
2025-03-22,1.9664,1.7953,43603.3,836247316.5
2025-03-23,2.0009,1.8799,43613.6,876971228.91
2025-03-24,2.0027,1.9466,43642.1,870857127.43
2025-03-25,1.9885,1.9489,43653.1,842582547.06
2025-03-26,1.9967,1.9205,43669.2,859547301.8
2025-03-27,1.9283,1.9351,43677.5,836927634.25
2025-03-28,1.8872,1.8027,43722.4,870857127.43
2025-03-29,1.8812,1.7214,43713.1,797343220.1
2025-03-30,1.8871,1.7081,43703.9,774723552.55
2025-03-31,1.9501,1.718,43697.7,836927634.25
2025-04-01,1.8883,1.8388,43704.3,763413718.78
2025-04-02,1.8942,1.7186,43720.1,972645623.27
2025-04-03,1.9127,1.7312,43783.0,859547301.8
2025-04-04,1.9017,1.7664,43799.7,1017884958.37
2025-04-05,1.7801,1.7441,43804.4,950907688.45
2025-04-06,1.8128,1.5075,43788.6,875826844.14
2025-04-07,1.744,1.5705,43811.3,875826844.14
2025-04-08,1.8872,1.4356,43780.4,924148329.28
2025-04-09,1.8147,1.7128,43831.7,791264253.86
2025-04-10,1.9005,1.5722,43840.7,869786662.85
2025-04-11,1.9433,1.7373,43861.4,893947405.42
2025-04-12,1.9039,1.8191,43879.0,869786662.85
2025-04-13,1.9262,1.7425,43893.1,1038911843.43
2025-04-14,1.9071,1.785,43914.9,899987586.71
2025-04-15,1.9173,1.7453,43872.8,869786662.85
2025-04-16,1.9397,1.7642,43891.3,893947405.42
2025-04-17,1.9278,1.8018,43791.5,924148329.28
2025-04-18,1.9435,1.7781,43798.5,821465177.72
2025-04-19,1.9426,1.8068,43800.7,847825370.56
2025-04-20,1.9928,1.8041,43807.3,753499805.38
2025-04-21,2.1283,1.8999,43838.2,771877846.4
2025-04-22,2.1261,2.1616,43930.5,949532272.35
2025-04-23,2.1262,2.1621,44069.1,698365673.49
2025-04-24,2.1397,2.1637,44139.8,863768069.15
2025-04-25,2.1369,2.195,44292.1,882146110.17
2025-04-26,2.1163,2.1884,44315.1,814759948.0
2025-04-27,2.1415,2.1475,44328.7,827011978.29
2025-04-28,2.1165,2.1968,44393.1,863768069.15
2025-04-29,2.1177,2.15,44461.7,894398140.46
2025-04-30,2.1635,2.1521,44500.3,808633937.27
2025-05-01,2.17,2.2412,44562.7,827011978.29
2025-05-02,2.1488,2.2546,44627.2,974036332.92
2025-05-03,2.1136,2.2127,44649.3,998934428.3
2025-05-04,2.1198,2.1429,44652.3,823060872.61
2025-05-05,2.1566,2.1573,44745.9,1036227716.82
2025-05-06,2.1642,2.23,44828.8,817139566.65
2025-05-07,2.2908,2.2451,44884.2,894116484.51
2025-05-08,2.2831,2.4923,44992.1,941486898.12
2025-05-09,2.318,2.4797,45088.0,828982170.05
2025-05-10,2.3032,2.5457,45117.8,888195187.07
2025-05-11,2.2766,2.5155,45145.2,882273881.1
2025-05-12,2.297,2.4647,45208.8,858588674.3
2025-05-13,2.2817,2.5084,45339.5,769769161.56
2025-05-14,2.2793,2.4787,45392.1,852667376.86
2025-05-15,2.2729,2.4772,45503.0,864509980.26
2025-05-16,2.264,2.4652,45565.2,805296963.24
2025-05-17,2.3241,2.4458,45579.2,853949349.72
2025-05-18,2.3095,2.561,45616.4,979723251.3
2025-05-19,2.3328,2.536,45731.8,852722092.0
2025-05-20,2.3871,2.583,45821.5,895055811.76
2025-05-21,2.4191,2.6926,45956.8,870865112.27
2025-05-22,2.3252,2.7583,46081.7,907151161.51
2025-05-23,2.3375,2.576,46142.2,937389531.53
2025-05-24,2.3576,2.5979,46167.4,852722092.0
2025-05-25,2.3615,2.6352,46197.6,913198832.03
2025-05-26,2.3483,2.646,46313.8,925294181.78
2025-05-27,2.3196,2.6243,46444.4,852722092.0
2025-05-28,2.2695,2.569,46515.3,991818601.05
2025-05-29,2.2302,2.4725,46588.3,961580231.03
2025-05-30,2.2453,2.395,46624.8,938712777.74
2025-05-31,2.2668,2.4222,46634.3,1016284108.93
2025-06-01,2.2632,2.462,46651.2,839539042.16
2025-06-02,2.2491,2.4594,46792.6,839539042.16
2025-06-03,2.2306,2.4347,46901.6,908974603.13
2025-06-04,2.1644,2.3998,46974.6,795352777.74
2025-06-05,2.2214,2.2682,46972.9,845851370.84
2025-06-06,2.2469,2.3782,47007.3,845851370.84
2025-06-07,2.2466,2.4265,47036.9,902662283.54
2025-06-08,2.3383,2.4245,47061.4,965785515.83
2025-06-09,2.332,2.6032,47126.9,883725306.58
2025-06-10,2.2995,2.5917,47201.7,1066782692.94
2025-06-11,2.242,2.5278,47248.3,890037635.26
2025-06-12,2.2394,2.4147,47279.6,934223899.68
2025-06-13,2.2271,2.4103,47344.6,915286922.72
2025-06-14,2.2272,2.3843,47355.3,949074580.58
2025-06-15,2.2588,2.3827,47374.2,854616739.02
2025-06-16,2.2032,2.4465,47478.9,917456210.45
2025-06-17,2.2058,2.3364,47489.1,741505699.5
2025-06-18,2.2023,2.3403,47516.8,879752527.59
2025-06-19,2.1712,2.3324,47545.4,798061219.26
2025-06-20,2.1341,2.2706,47565.1,948875941.64
2025-06-21,2.1199,2.1973,47583.4,886036479.26
2025-06-22,2.2135,2.1682,47595.9,672382294.5
2025-06-23,2.2204,2.35,47661.0,672382294.5
2025-06-24,2.2451,2.3638,47724.0,735221756.88
2025-06-25,2.2341,2.4125,47795.9,898604373.54
2025-06-26,2.2307,2.3938,47898.8,986579624.49
2025-06-27,2.2356,2.3899,48007.2,722653862.59
2025-06-28,2.2552,2.3974,48021.9,911172258.78
2025-06-29,2.2245,2.4339,48050.4,992910582.83
2025-06-30,2.1904,2.3777,48170.6,843035675.64
2025-07-01,2.2573,2.3102,48195.6,779081252.23
2025-07-02,2.2682,2.4403,48255.6,889547992.7
2025-07-03,2.2154,2.4626,48334.0,877919913.44
2025-07-04,2.2181,2.3794,48787.6,924432230.5
2025-07-05,2.2363,2.3827,48801.2,912804151.23
2025-07-06,2.2137,2.4166,48821.0,930246265.95
2025-07-07,2.2242,2.3735,48899.8,877919913.44
2025-07-08,2.2682,2.3955,48988.0,825593560.92
2025-07-09,2.3546,2.4855,49120.6,953502424.48
2025-07-10,2.3821,2.6562,49211.7,994200697.73
2025-07-11,2.3734,2.7155,49375.5,872105877.99
2025-07-12,2.4017,2.6991,49457.2,920455694.53
2025-07-13,2.4125,2.7536,49506.3,859946007.06
2025-07-14,2.3642,2.781,49687.3,910161827.21
2025-07-15,2.3689,2.6877,49789.0,1029424417.01
2025-07-16,2.375,2.7112,50120.9,822284135.17
2025-07-17,2.3404,2.7301,50316.8,853669023.89
2025-07-18,2.3364,2.6623,50401.3,903884853.08
2025-07-19,2.3234,2.6542,50465.6,891330895.79
2025-07-20,2.3218,2.6261,50489.4,935269741.81
2025-07-21,2.3671,2.6241,50577.2,941546724.97
2025-07-22,2.3344,2.7181,50723.8,941546724.97
2025-07-23,2.3258,2.6549,50827.0,878776938.49
2025-07-24,2.304,2.6379,50897.6,922715784.51
2025-07-25,2.3118,2.5968,51006.4,1004316502.42
2025-07-26,2.3389,2.6103,51034.5,970368223.05
2025-07-27,2.3085,2.6622,51067.0,869131964.33
2025-07-28,2.3014,2.6014,51125.6,919884190.69
2025-07-29,2.2956,2.5886,51216.7,710531242.11
2025-07-30,2.2577,2.5771,51286.8,869131964.33
2025-07-31,2.2071,2.5,51313.2,976980451.05
2025-08-01,2.1923,2.3972,51326.5,957948367.31
2025-08-02,2.2241,2.3657,51336.5,919884190.69
2025-08-03,2.2406,2.4277,51375.3,983324485.05
2025-08-04,2.2179,2.4594,51414.1,1084828946.91
2025-08-05,2.235,2.4132,51450.2,875475989.2
2025-08-06,2.2781,2.4451,51470.3,913540165.82
2025-08-07,2.2622,2.5315,51553.2,1021388661.67
2025-08-08,2.257,2.4993,51606.1,870936594.95
2025-08-09,2.3074,2.4869,51622.5,746374217.51
2025-08-10,2.2964,2.5849,51654.8,868625162.14
2025-08-11,2.3207,2.5625,51708.4,945836284.57
2025-08-12,2.3797,2.6105,51776.2,881493684.09
2025-08-13,2.2824,2.7286,51872.4,1003744628.71
2025-08-14,2.2577,2.5354,51923.2,1042350194.56
2025-08-15,2.2533,2.4853,51960.7,862190905.79
2025-08-16,2.2553,2.4817,52129.7,978007594.08
2025-08-17,2.2297,2.4834,52144.6,978007594.08
2025-08-18,2.1624,2.4308,52166.3,990876106.76
2025-08-19,2.1876,2.297,52203.9,862190905.79
2025-08-20,2.1501,2.3458,52238.8,907230727.99
2025-08-21,2.231,2.2698,52252.2,958704806.52
2025-08-22,2.2013,2.4314,52354.6,939651300.69
2025-08-23,2.1673,2.3707,52369.9,980001773.74
2025-08-24,2.1016,2.3015,52376.1,1057370331.4
2025-08-25,2.1349,2.1701,52383.5,909080592.01
2025-08-26,2.1218,2.2346,52412.5,967107012.58
2025-08-27,2.1428,2.2074,52432.4,967107012.58
2025-08-28,2.1428,2.2489,52492.9,1025133433.15
2025-08-29,2.0585,2.0892,52694.7,1063817707.34
2025-08-30,2.063,2.0967,52712.1,1018686047.93
2025-08-31,2.0547,2.0785,52717.6,851054171.44
2025-09-01,2.0665,2.1008,52743.2,1038028194.31
2025-09-02,2.1061,2.1779,52770.1,1050922946.18
2025-09-03,2.1174,2.1987,52792.7,883291069.7
2025-09-04,2.0988,2.162,52839.0,902633206.79
2025-09-05,2.091,2.1488,52946.8,959168799.51
2025-09-06,2.0816,2.1288,52962.4,946761024.19
2025-09-07,2.1008,2.1654,52983.6,1041437124.66
2025-09-08,2.1145,2.1917,53021.1,1082012600.46
2025-09-09,2.1019,2.1656,53040.8,1129350650.7
2025-09-10,2.1459,2.252,53091.7,1149638393.47
2025-09-11,2.1718,2.3032,53156.0,1014386817.2
2025-09-12,2.1835,2.3252,53195.2,811509447.91
2025-09-13,2.1787,2.3147,53227.5,953523608.36
2025-09-14,2.1674,2.2907,53242.6,1034674550.23
2025-09-15,2.1657,2.2872,53295.8,1102300333.5
2025-09-16,2.1889,2.333,53360.1,1082012600.46
2025-09-17,2.1818,2.3197,53430.8,865610082.32
2025-09-18,2.1884,2.3319,53469.7,1089165928.99
2025-09-19,2.1585,2.2746,53562.6,1188749384.19
2025-09-20,2.1601,2.2765,53587.4,1082611043.22
2025-09-21,2.1512,2.2575,53607.7,1146294045.76
2025-09-22,2.1031,2.1608,53601.1,1061383379.1
2025-09-23,2.0884,2.1321,53654.1,1018928040.68
2025-09-24,2.1098,2.1743,53712.3,1082611043.22
2025-09-25,2.0312,2.0197,53743.6,997700376.56
2025-09-26,2.0393,2.0349,53777.9,934017374.02
2025-09-27,2.0384,2.0318,53789.3,1096762822.69
2025-09-28,2.0844,2.1208,53814.1,1167521709.88
2025-09-29,2.1227,2.1956,53865.4,990624481.73
2025-09-30,2.1128,2.1772,53943.3,1139218161.12
2025-10-01,2.1862,2.3274,54155.9,1079018824.24
2025-10-02,2.2218,2.3992,54262.4,1019764931.68
2025-10-03,2.2492,2.4562,54396.2,884796043.03
2025-10-04,2.2476,2.4526,54448.1,1004768398.09
2025-10-05,2.2668,2.4893,54493.4,1117242464.77
2025-10-06,2.2872,2.5301,54576.5,922287409.38
2025-10-07,2.2194,2.4033,54785.3,1034761476.06
2025-10-08,2.2486,2.462,54874.2,1109744197.98
2025-10-09,2.2126,2.392,54960.6,899792587.41
2025-10-10,2.0706,2.109,54939.1,989771853.71
2025-10-11,2.0195,2.0065,54935.0,1102245920.39
2025-10-12,2.0951,2.1543,54962.3,1087249376.0
2025-10-13,2.0975,2.1577,54986.5,1139737286.74
2025-10-14,2.0568,2.0801,55097.9,1267207897.8
2025-10-15,2.0059,1.9843,55268.6,1079751109.21
2025-10-16,1.9579,1.8867,55231.3,1123253238.74
2025-10-17,1.9293,1.8302,55267.0,1159633835.71
2025-10-18,1.9382,1.8467,55281.6,1203393595.96
2025-10-19,2.0514,1.9002,55295.3,1013767943.7
2025-10-20,2.0538,1.9666,55313.5,1086700884.45
2025-10-21,2.0186,1.8952,55339.2,1093994184.83
2025-10-22,2.0076,1.8537,55233.9,1115874064.96
2025-10-23,2.0361,1.9354,55178.4,1035647823.83
2025-10-24,2.0608,1.967,54905.8,1305499727.72
2025-10-25,2.0697,1.9854,54826.2,1166927125.58
2025-10-26,2.1218,2.0857,54779.4,1072114294.2
2025-10-27,2.094,2.0653,54835.0,1235778834.0
2025-10-28,2.0901,2.0571,54894.58,1135878634.0
2025-10-29,2.0232,1.9472,54834.77,1109878834.0
2025-10-30,1.9879,1.885,54887.92,1172878834.57
2025-10-31,1.9989,1.8851,54840.03,1085019777.59
2025-11-01,2.0045,1.929,54899.34,1073285918.84
2025-11-02,2.0156,1.941,54921.47,1197424820.46
2025-11-03,1.9391,1.962,54951.73,1077120794.84
2025-11-04,1.8428,1.8138,54913.04,1031081332.48
2025-11-05,1.8888,1.6245,54996.25,1065709280.77
2025-11-06,1.8416,1.7177,55016.43,1054041568.44
2025-11-07,1.8736,1.6266,55190.21,1088263465.65
2025-11-08,1.8555,1.6931,55203.91,955809034.11
2025-11-09,1.8943,1.6571,55225.68,1071557216.17
2025-11-10,1.9237,1.7319,55233.45,1041849602.4
2025-11-11,1.8623,1.7865,55309.34,1157455106.37
2025-11-12,1.8349,1.6707,55347.3,1087787634.29
2025-11-13,1.8165,1.6183,55305.89,1207172194.75
2025-11-14,1.708,1.5795,55201.54,1099870819.3
2025-11-15,1.7292,1.3649,55283.91,1054844130.03
2025-11-16,1.707,1.4096,55227.15,1182852570.03
2025-11-17,1.6685,1.3629,55249.93,980832122.86
2025-11-18,1.6791,1.2901,55295.35,1039326580.58
2025-11-19,1.6569,1.312,55278.7,1027903414.86
2025-11-20,1.5667,1.2682,55249.15,972285713.42
2025-11-21,1.5451,1.0929,55103.42,1147205471.52
2025-11-22,1.5328,1.0484,55276.73,1084457455.1
2025-11-23,1.5636,1.0282,55603.11,1064044772.54
2025-11-24,1.586,1.0922,55648.94,1088656988.64
2025-11-25,1.5723,1.1375,55607.55,927099404.16
2025-11-26,1.6217,1.1082,55721.19,1262433495.62
2025-11-27,1.6398,1.2078,55675.99,1060313503.99
2025-11-28,1.6327,1.2398,55698.88,1116383148.57
2025-11-29,1.6317,1.2271,55665.46,1035579083.87
2025-11-30,1.6241,1.2229,55702.74,1260277272.43
2025-12-01,1.5509,1.2099,55659.28,1012006309.94
2025-12-02,1.6412,1.0664,55633.52,967291157.32
2025-12-03,1.683,1.2403,55625.91,966006023.13
2025-12-04,1.6553,1.3189,55659.03,987007949.79
2025-12-05,1.6055,1.2667,55641.05,879450234.77
2025-12-06,1.5998,1.1704,55593.66,1214271832.19
2025-12-07,1.6301,1.1983,55258.29,1190875880.2
2025-12-08,1.6435,1.2149,55151.5,1079488382.77
2025-12-09,1.6827,1.2886,55190.66,948151922.69
2025-12-10,1.6607,1.2593,55428.82,1144769172.37
2025-12-11,1.6609,1.2593,55705.66,1182086738.71
2025-12-12,1.6221,1.2755,55684.76,1067337423.56
2025-12-13,1.6209,1.1994,55697.91,1049326073.99
2025-12-14,1.5851,1.1972,55652.58,919858432.3
2025-12-15,1.5531,1.1256,55630.72,991685517.03
2025-12-16,1.5775,1.0643,55608.63,1087846821.09
2025-12-17,1.5488,1.1101,55588.38,1012253679.43
2025-12-18,1.5372,1.0541,55586.23,1056583828.0
2025-12-19,1.5868,1.032,55596.42,1071429802.81
2025-12-20,1.5947,1.1338,55434.0,1091994208.75
2025-12-21,1.5944,1.1338,55529.18,1018371986.61
2025-12-22,1.5968,1.1366,55434.04,1047646921.99
2025-12-23,1.5733,1.1362,55568.01,1074784342.11
2025-12-24,1.578,1.0986,55561.03,1166544067.29
2025-12-25,1.571,1.1074,55569.5,1032533400.06
2025-12-26,1.5729,1.0938,55535.28,1166372966.44
2025-12-27,1.5825,1.0964,55528.0,1002893735.49
2025-12-28,1.5834,1.114,55524.43,1153650178.4
2025-12-29,1.5707,1.1155,55529.66,1133849923.08
2025-12-30,1.5949,1.0911,55511.22,931496430.58
2025-12-31,1.5796,1.1366,55484.52,967038705.87
2026-01-01,1.6061,1.1064,55318.57,1126647382.04
2026-01-02,1.6242,1.1839,55363.54,1069660504.99
2026-01-03,1.6348,1.1839,55443.97,1193315770.61
2026-01-04,1.6477,1.208,55494.5,1066339234.68
2026-01-05,1.6931,1.2346,55521.54,983330585.84
2026-01-06,1.6854,1.3209,55541.39,976139083.96
2026-01-07,1.6448,1.3062,55566.83,1077997873.64
2026-01-08,1.6493,1.2194,55239.52,979226653.67
2026-01-09,1.6326,1.2194,55536.49,997885595.24
2026-01-10,1.6298,1.2042,55543.35,1170245543.23
2026-01-11,1.6379,1.1986,55533.78,911167918.81
2026-01-12,1.6442,1.2134,55507.55,1054917589.43
2026-01-13,1.7173,1.3542,55408.95,967284693.74
2026-01-14,1.7438,1.3539,55646.48,911039633.06
2026-01-15,1.7208,1.4164,55597.59,1002346208.66
2026-01-16,1.7148,1.3682,55690.91,928996031.3
2026-01-17,1.7084,1.361,55692.9,1107077539.65
2026-01-18,1.7019,1.3268,55563.68,1033802143.04
2026-01-19,1.662,1.3268,55710.51,1114267327.49
2026-01-20,1.5864,1.2589,55659.04,1003756681.21
2026-01-21,1.6067,1.1133,55645.27,977692676.21
2026-01-22,1.6103,1.1513,55612.78,1157954020.62
2026-01-23,1.6162,1.1562,55429.01,998399736.5
2026-01-24,1.6129,1.1644,55414.8,762877748.06
2026-01-25,1.5624,1.157,55373.83,727574056.28
2026-01-26,1.598,1.0594,55400.61,903573897.86
2026-01-27,1.615,1.1278,55372.45,876397180.11
2026-01-28,1.612,1.1577,55415.92,805386065.85
2026-01-29,1.53,1.154,55366.78,932599208.91
2026-01-30,1.5231,0.9977,55331.93,878655845.12
2026-01-31,1.4247,0.9841,55283.46,974481847.94
2026-02-01,1.4006,0.7979,55224.98,889529658.33
2026-02-02,1.429,0.7506,55219.97,880890756.49
2026-02-03,1.3743,0.8051,55119.75,913150822.54
2026-02-04,1.3307,0.701,54987.35,1010536305.16
2026-02-05,1.1732,0.6168,54748.75,911384150.82
2026-02-06,1.2924,0.3219,54667.59,1037347550.77
2026-02-07,1.2684,0.5424,54612.45,1167066970.44
2026-02-08,1.288,0.4977,54621.59,1062343256.12
2026-02-09,1.288,0.5342,54562.87,1034503139.96
2026-02-10,1.2621,0.5333,54508.3,896732251.8
2026-02-11,1.2318,0.4844,54455.28,975248703.71
2026-02-12,1.2186,0.4282,54397.65,1125469180.08
2026-02-13,1.2689,0.4036,54291.94,946344190.65
2026-02-14,1.2843,0.4931,54361.61,1018384704.07
2026-02-15,1.262,0.5243,54341.6,1187535495.16
2026-02-16,1.2723,0.4824,54185.32,1110479011.01
2026-02-17,1.2443,0.496,54285.31,1033422526.86
2026-02-18,1.2274,0.4144,54153.7,956366042.71
2026-02-19,1.2347,0.4144,54250.42,995626041.03
2026-02-20,1.2549,0.4319,54198.78,988502175.83
2026-02-21,1.2569,0.4685,54182.07,891201625.37
2026-02-22,1.2486,0.4713,54191.87,1154389717.18
2026-02-23,1.1935,0.4567,54141.03,1052331366.49
2026-02-24,1.1841,0.355,54076.19,1170104239.5
2026-02-25,1.2577,0.3376,54038.13,1174335385.66
2026-02-26,1.2483,0.4713,54058.14,1001123285.8
2026-02-27,1.2198,0.4549,54019.45,1020816876.56
2026-02-28,1.2377,0.4022,54010.96,1023179310.07
2026-03-01,1.2173,0.4348,53995.7,1048255291.61
2026-03-02,1.2748,0.397,53985.6,979998091.53
2026-03-03,1.2677,0.502,53990.84,983408094.25
2026-03-04,1.3404,0.4894,53991.44,938633967.23
2026-03-05,1.3147,0.622,53969.31,1212244696.72
2026-03-06,1.2644,0.5745,53939.17,1049197242.39
2026-03-07,1.2474,0.4828,53931.97,946988896.89
2026-03-08,1.2251,0.4517,53911.69,912113515.25
2026-03-09,1.2686,0.4104,53915.55,970323031.09
2026-03-10,1.2961,0.4901,53907.49,1005135848.7
2026-03-11,1.3035,0.5398,53838.4,969033781.17
2026-03-12,1.3102,0.5522,53841.75,929484045.76
2026-03-13,1.3173,0.565,53845.11,875927511.39
2026-03-14,1.3217,0.5778,53833.17,906134044.02
2026-03-15,1.3519,0.5858,53815.89,926163705.88
2026-03-16,1.386,0.6395,53820.53,900440293.34
2026-03-17,1.3717,0.701,53862.95,870648176.57
2026-03-18,1.325,0.6768,53836.85,1017494263.24
2026-03-19,1.2999,0.5914,53796.07,962927911.38
2026-03-20,1.3102,0.5446,53803.09,961633531.29
2026-03-21,1.3044,0.5639,53780.54,920251538.19
2026-03-22,1.2636,0.5523,53824.93,1076578045.54
2026-03-23,1.3176,0.4794,53825.82,1055001189.7
2026-03-24,1.3129,0.5774,53753.17,912931436.26
2026-03-25,1.3249,0.5672,53768.01,1020320567.12
2026-03-26,1.2803,0.59,53752.97,1118486926.92
2026-03-27,1.233,0.5086,53683.53,1047747705.87
2026-03-28,1.2382,0.4216,53672.65,1177385650.87
2026-03-29,1.2284,0.4311,53664.39,959475654.12
2026-03-30,1.2442,0.4131,53646.15,860722686.05
2026-03-31,1.272,0.4423,53644.55,935270788.85
2026-04-01,1.2703,0.4924,53641.08,1108582314.91
2026-04-02,1.2478,0.4892,53608.48,970412542.39
2026-04-03,1.2495,0.4481,53583.54,908727819.46
2026-04-04,1.256,0.4504,53586.5,867075793.87
2026-04-05,1.2871,0.4622,53596.21,1100145767.26
2026-04-06,1.285,0.5184,53618.63,894602009.55
2026-04-07,1.342,0.5154,53614.62,943342604.82
2026-04-08,1.3263,0.6184,53627.76,1039184698.79
2026-04-09,1.3386,0.5899,53631.76,997225693.45
2026-04-10,1.3613,0.6122,53523.39,1058979424.0
2026-04-11,1.3628,0.6474,53608.67,1058979424.0
2026-04-12,1.3189,0.6538,53651.42,1058979424.7
2026-04-13,1.3898,0.5766,53640.99,1037892164.9
2026-04-14,1.3818,0.7036,53670.11,1190609207.32
2026-04-15,1.3919,0.6901,53661.21,923605580.04
2026-04-16,1.3994,0.708,53665.03,1042360629.52
2026-04-17,1.4359,0.7214,53702.22,961101492.17
2026-04-18,1.4101,0.7881,53693.28,1049223189.65
2026-04-19,1.3787,0.7408,53658.72,1070668985.87
2026-04-20,1.413,0.6825,53680.77,884205557.7
2026-04-21,1.4217,0.7456,53702.86,908516708.47
2026-04-22,1.4562,0.762,53696.75,905720306.35
2026-04-23,1.4579,0.824,53668.36,809593484.95
2026-04-24,1.4449,0.8254,53598.32,992888808.55
2026-04-25,1.4479,0.8009,53621.76,957005629.58
2026-04-26,1.4628,0.8072,53604.3,1008882530.23
2026-04-27,1.4413,0.8327,53634.93,934869020.19
2026-04-28,1.4238,0.7952,53606.73,922832874.75
2026-04-29,1.4152,0.7624,53619.15,866446537.1
2026-04-30,1.4246,0.7476,53593.57,919473733.94
2026-05-01,1.4565,0.7634,53653.83,1063783349.09
2026-05-02,1.4687,0.8227,53628.85,904161366.54
2026-05-03,1.4642,0.8432,53663.37,1024033742.87
2026-05-04,1.4855,0.8362,53720.29,994838516.87
2026-05-05,1.5058,0.8753,53738.59,1002176232.76
2026-05-06,1.513,0.9117,53761.16,942764777.27
2026-05-07,1.4907,0.925,53740.88,925617015.38
2026-05-08,1.4914,0.8836,53762.46,997151081.15
2026-05-09,1.5016,0.8857,53742.56,1098651233.44
2026-05-10,1.5311,0.9025,53786.96,1008591423.95
2026-05-11,1.5186,0.9575,53779.05,1043359809.15
2026-05-12,1.4961,0.9338,53795.07,854712815.0
2026-05-13,1.4741,0.8938,53794.85,916382378.91
2026-05-14,1.5068,0.8539,53809.13,979449327.96
2026-05-15,1.4707,0.9132,53804.64,989773849.03
2026-05-16,1.4542,0.8479,53796.54,1038540047.86
2026-05-17,1.4465,0.8177,53761.74,958494657.33
2026-05-18,1.4319,0.8019,53757.51,935817941.76
2026-05-19,1.4295,0.7759,53760.13,956898885.03
2026-05-20,1.4411,0.7722,53759.27,1029166052.18
2026-05-21,1.4457,0.7931,53726.72,871437868.0
2026-05-22,1.4061,0.7997,53702.13,1087939570.61
2026-05-23,1.4278,0.728,53727.12,1092215045.43
2026-05-24,1.435,0.7682,53722.11,933398738.97
2026-05-25,1.4395,0.7806,53725.16,1144641012.48
2026-05-26,1.4137,0.7886,53713.52,956075941.81
2026-05-27,1.3849,0.742,53680.63,942909291.38
2026-05-28,1.3711,0.6893,53631.12,1101355515.99
2026-05-29,1.3706,0.6645,53571.83,965711637.36
2026-05-30,1.3783,0.6631,53586.91,981944724.52
2026-05-31,1.375,0.6766,53557.09,1007689024.92
2026-06-01,1.3341,0.6694,53548.77,944664155.15
2026-06-02,1.2493,0.597,53432.09,810037759.95
2026-06-03,1.2057,0.4324,53344.3,739519384.06
2026-06-04,1.1913,0.3659,53271.76,980644996.23
2026-06-05,1.1411,0.3399,53175.81,921271854.07
2026-06-06,1.1452,0.2498,53168.25,851060250.14
2026-06-07,1.1903,0.2576,53173.05,812718837.4
2026-06-08,1.1881,0.3375,53154.45,905326782.96
2026-06-09,1.1642,0.3335,53115.31,862947115.49
2026-06-10,1.1587,0.2905,53077.91,899706519.75
2026-06-11,1.1984,0.2808,53052.12,916819746.09
2026-06-12,1.1984,0.3512,53045.14,1017375360.22
2026-06-13,1.2143,0.351,53032.68,891502849.34
2026-06-14,1.2362,0.3786,53047.99,911503576.04
2026-06-15,1.2515,0.4178,53020.27,939041983.89
2026-06-16,1.2399,0.444,53008.12,1022239901.1
2026-06-17,1.2166,0.4234,53010.89,823009497.1
2026-06-18,1.1885,0.3826,52985.22,1026190547.36
2026-06-19,1.2003,0.333,52966.57,936458571.41
2026-06-20,1.2142,0.3536,52967.78,995196796.12
2026-06-21,1.1948,0.3782,52998.77,858907868.26
2026-06-22,1.208,0.344,52994.83,964296388.92
2026-06-23,1.1846,0.3673,52960.34,1099242736.04
2026-06-24,1.1519,0.3257,52930.72,966515768.7
2026-06-25,1.1318,0.2678,52863.92,1055343289.73
2026-06-26,1.1368,0.232,52806.09,996878761.01
2026-06-27,1.1364,0.2406,52808.86,1104851411.79
2026-06-28,1.1298,0.2399,52799.27,871394922.41
2026-06-29,1.1429,0.2284,52747.82,842643448.35
2026-06-30,1.1133,0.2511,52676.96,990767518.04
2026-07-01,1.1407,0.1987,52662.84,956388439.08
2026-07-02,1.1699,0.2467,52639.75,890188796.34
2026-07-03,1.189,0.2976,52653.01,999064362.14
2026-07-04,1.1996,0.3315,52654.68,1052385890.66
2026-07-05,1.2086,0.35,52652.37,877378559.98
2026-07-06,1.2172,0.3657,52636.23,784354489.84
2026-07-07,1.2039,0.3801,52632.39,931343756.44
2026-07-08,1.1825,0.3569,52630.4,902010654.07
2026-07-09,1.2019,0.3199,52626.42,807604880.44
2026-07-10,1.2201,0.3538,52581.54,867860129.64
2026-07-11,1.214,0.3854,52571.52,928843465.73
2026-07-12,1.2134,0.3741,52570.5,909977698.14
2026-07-13,1.1875,0.373,52492.97,914899700.61
2026-07-14,1.2376,0.3275,52450.54,997780133.47
2026-07-15,1.2348,0.414,52452.83,856143120.76
2026-07-16,1.2176,0.4093,52457.61,806003159.96
2026-07-17,1.2203,0.3799,52444.96,796776671.61
2026-07-18,1.2361,0.3845,52447.77,1075155660.74
2026-07-19,1.2333,0.4121,52449.51,1085198437.61
2026-07-20,1.2434,0.4071,52444.77,917782148.7
2026-07-21,1.2682,0.4243,52477.75,842416001.13
2026-07-22,1.2582,0.4682,52471.83,773527132.52
2026-07-23,1.2419,0.4506,52457.42,852579453.91
2026-07-24,1.2237,0.4218,52430.87,936289653.73
2026-07-25,1.2267,0.3894,52470.83,862202582.36
2026-07-26,1.2465,0.3954,52468.49,929033501.61
2026-07-27,1.2185,0.4299,52460.75,865450164.52
2026-07-28,1.2192,0.381,52441.81,799281919.59
2026-07-29,1.2201,0.3818,52437.77,896310839.24
2026-07-30,1.2348,0.3833,52449.96,935165111.59
2026-07-31,1.1995,0.4093,52417.73,1037449960.68
2026-08-01,1.1992,0.3471,52382.33,1056458177.82
2026-08-02,1.2131,0.3469,52367.36,910803557.49
2026-08-03,1.2134,0.3705,52349.9,952681627.1
2026-08-04,1.2254,0.3714,52336.83,887578123.73
2026-08-05,1.2359,0.3918,52328.04,866112638.44
2026-08-06,1.229,0.4103,52335.82,813803714.4
2026-08-07,1.2406,0.3984,52324.9,990061115.72
2026-08-08,1.2417,0.4184,52330.02,902577908.79
2026-08-09,1.2405,0.4202,52312.89,943531752.91
2026-08-10,1.2228,0.4177,52317.8,882352181.34
2026-08-11,1.2171,0.3873,52306.27,808303454.56
2026-08-12,1.213,0.3772,52287.27,897856194.55
2026-08-13,1.2132,0.3699,52271.45,920820609.5
2026-08-14,1.2062,0.3697,52261.85,963266714.74
2026-08-15,1.2069,0.3577,52270.35,945149171.28
2026-08-16,1.204,0.3592,52243.94,1003312937.34
2026-08-17,1.2349,0.3541,52239.77,1012434432.53
2026-08-18,1.2393,0.407,52230.99,948434926.42
2026-08-19,1.3248,0.4146,52255.99,748830315.02
2026-08-20,1.3977,0.5638,52299.94,791165046.44
2026-08-21,1.4957,0.6907,52368.57,869306311.8
2026-08-22,1.4681,0.8611,52414.85,933179593.66
2026-08-23,1.4792,0.8143,52421.33,842377358.51
2026-08-24,1.5027,0.8334,52473.26,882747240.49
2026-08-25,1.493,0.8757,52548.11,895971575.62
2026-08-26,1.5013,0.8592,52556.76,968964104.41
2026-08-27,1.5249,0.8728,52627.55,916908303.14
