date,m2_eeuu,m2_semanal,m2_real,balance_fed
2010-01-01,8473.1,,3895.9,
2010-01-04,,8551.8,,
2010-01-06,,,,2235304.0
2010-01-11,,8513.2,,
2010-01-13,,,,2291700.0
2010-01-18,,8496.9,,
2010-01-20,,,,2251806.0
2010-01-25,,8432.0,,
2010-01-27,,,,2246886.0
2010-02-01,8523.4,8450.2,3922.8,
2010-02-03,,,,2249319.0
2010-02-08,,8502.3,,
2010-02-10,,,,2256679.0
2010-02-15,,8550.9,,
2010-02-17,,,,2277574.0
2010-02-22,,8528.1,,
2010-02-24,,,,2286127.0
2010-03-01,8519.0,8547.3,3919.4,
2010-03-03,,,,2280147.0
2010-03-08,,8601.3,,
2010-03-10,,,,2282474.0
2010-03-15,,8619.1,,
2010-03-17,,,,2307997.0
2010-03-22,,8583.5,,
2010-03-24,,,,2313149.0
2010-03-29,,8576.4,,
2010-03-31,,,,2307150.0
2010-04-01,8554.3,,3934.8,
2010-04-05,,8677.2,,
2010-04-07,,,,2307575.0
2010-04-12,,8660.9,,
2010-04-14,,,,2339345.0
2010-04-19,,8641.2,,
2010-04-21,,,,2337556.0
2010-04-26,,8545.9,,
2010-04-28,,,,2330472.0
2010-05-01,8612.0,,3963.4,
2010-05-03,,8572.4,,
2010-05-05,,,,2326164.0
2010-05-10,,8599.9,,
2010-05-12,,,,2336103.0
2010-05-17,,8636.4,,
2010-05-19,,,,2350890.0
2010-05-24,,8566.1,,
2010-05-26,,,,2334041.0
2010-05-31,,8608.3,,
2010-06-01,8631.0,,3973.8,
2010-06-02,,,,2336216.0
2010-06-07,,8669.9,,
2010-06-09,,,,2331529.0
2010-06-14,,8647.6,,
2010-06-16,,,,2344316.0
2010-06-21,,8617.8,,
2010-06-23,,,,2344497.0
2010-06-28,,8575.8,,
2010-06-30,,,,2330851.0
2010-07-01,8642.3,,3971.6,
2010-07-05,,8624.9,,
2010-07-07,,,,2332017.0
2010-07-12,,8620.0,,
2010-07-14,,,,2340717.0
2010-07-19,,8594.9,,
2010-07-21,,,,2332322.0
2010-07-26,,8554.8,,
2010-07-28,,,,2325298.0
2010-08-01,8690.5,,3987.9,
2010-08-02,,8604.0,,
2010-08-04,,,,2326479.0
2010-08-09,,8644.7,,
2010-08-11,,,,2327533.0
2010-08-16,,8650.4,,
2010-08-18,,,,2313662.0
2010-08-23,,8598.6,,
2010-08-25,,,,2301015.0
2010-08-30,,8604.5,,
2010-09-01,8719.6,,3994.8,2301996.0
2010-09-06,,8688.4,,
2010-09-08,,,,2305802.0
2010-09-13,,8701.4,,
2010-09-15,,,,2296079.0
2010-09-20,,8664.6,,
2010-09-22,,,,2307171.0
2010-09-27,,8622.1,,
2010-09-29,,,,2298691.0
2010-10-01,8769.8,,4003.8,
2010-10-04,,8711.3,,
2010-10-06,,,,2308092.0
2010-10-11,,8734.3,,
2010-10-13,,,,2309885.0
2010-10-18,,8757.8,,
2010-10-20,,,,2305227.0
2010-10-25,,8687.1,,
2010-10-27,,,,2295392.0
2010-11-01,8790.3,8724.2,4003.1,
2010-11-03,,,,2300353.0
2010-11-08,,8787.5,,
2010-11-10,,,,2312768.0
2010-11-15,,8807.2,,
2010-11-17,,,,2314757.0
2010-11-22,,8782.9,,
2010-11-24,,,,2346001.0
2010-11-29,,8804.1,,
2010-12-01,8822.0,,4001.4,2346920.0
2010-12-06,,8848.7,,
2010-12-08,,,,2382294.0
2010-12-13,,8869.1,,
2010-12-15,,,,2385754.0
2010-12-20,,8879.3,,
2010-12-22,,,,2427921.0
2010-12-27,,8895.9,,
2010-12-29,,,,2420570.0
2011-01-01,8844.5,,3998.7,
2011-01-03,,8914.4,,
2011-01-05,,,,2436064.0
2011-01-10,,8913.6,,
2011-01-12,,,,2468131.0
2011-01-17,,8936.7,,
2011-01-19,,,,2425164.0
2011-01-24,,8816.6,,
2011-01-26,,,,2443527.0
2011-01-31,,8816.3,,
2011-02-01,8909.9,,4015.3,
2011-02-02,,,,2469419.0
2011-02-07,,8893.7,,
2011-02-09,,,,2500481.0
2011-02-14,,8912.0,,
2011-02-16,,,,2508868.0
2011-02-21,,8913.0,,
2011-02-23,,,,2533221.0
2011-02-28,,8935.9,,
2011-03-01,8967.7,,4020.6,
2011-03-02,,,,2545119.0
2011-03-07,,9024.4,,
2011-03-09,,,,2577076.0
2011-03-14,,9037.9,,
2011-03-16,,,,2583046.0
2011-03-21,,9033.5,,
2011-03-23,,,,2601341.0
2011-03-28,,9013.1,,
2011-03-30,,,,2622523.0
2011-04-01,9033.6,,4031.2,
2011-04-04,,9098.4,,
2011-04-06,,,,2648676.0
2011-04-11,,9107.0,,
2011-04-13,,,,2665408.0
2011-04-18,,9124.6,,
2011-04-20,,,,2685782.0
2011-04-25,,9047.6,,
2011-04-27,,,,2690985.0
2011-05-01,9109.4,,4052.1,
2011-05-02,,9029.2,,
2011-05-04,,,,2718757.0
2011-05-09,,9059.4,,
2011-05-11,,,,2744498.0
2011-05-16,,9082.2,,
2011-05-18,,,,2758009.0
2011-05-23,,9030.6,,
2011-05-25,,,,2774996.0
2011-05-30,,9049.2,,
2011-06-01,9184.2,,4085.4,2788723.0
2011-06-06,,9125.6,,
2011-06-08,,,,2811206.0
2011-06-13,,9126.7,,
2011-06-15,,,,2827549.0
2011-06-20,,9136.5,,
2011-06-22,,,,2856403.0
2011-06-27,,9146.9,,
2011-06-29,,,,2865251.0
2011-07-01,9346.9,,4146.9,
2011-07-04,,9279.6,,
2011-07-06,,,,2870103.0
2011-07-11,,9273.3,,
2011-07-13,,,,2878074.0
2011-07-18,,9272.9,,
2011-07-20,,,,2871301.0
2011-07-25,,9237.2,,
2011-07-27,,,,2863576.0
2011-08-01,9532.5,9414.6,4215.9,
2011-08-03,,,,2867215.0
2011-08-08,,9483.3,,
2011-08-10,,,,2872423.0
2011-08-15,,9504.4,,
2011-08-17,,,,2857906.0
2011-08-22,,9482.2,,
2011-08-24,,,,2859433.0
2011-08-29,,9460.2,,
2011-08-31,,,,2853888.0
2011-09-01,9553.3,,4216.0,
2011-09-05,,9544.6,,
2011-09-07,,,,2858660.0
2011-09-12,,9546.5,,
2011-09-14,,,,2863540.0
2011-09-19,,9521.3,,
2011-09-21,,,,2857747.0
2011-09-26,,9471.2,,
2011-09-28,,,,2850921.0
2011-10-01,9586.2,,4227.7,
2011-10-03,,9561.0,,
2011-10-05,,,,2859701.0
2011-10-10,,9581.6,,
2011-10-12,,,,2860822.0
2011-10-17,,9619.3,,
2011-10-19,,,,2852390.0
2011-10-24,,9520.7,,
2011-10-26,,,,2845685.0
2011-10-31,,9551.4,,
2011-11-01,9639.5,,4243.3,
2011-11-02,,,,2822034.0
2011-11-07,,9660.1,,
2011-11-09,,,,2839786.0
2011-11-14,,9681.1,,
2011-11-16,,,,2831576.0
2011-11-21,,9644.7,,
2011-11-23,,,,2821980.0
2011-11-28,,9640.6,,
2011-11-30,,,,2814235.0
2011-12-01,9683.5,,4261.7,
2011-12-05,,9710.2,,
2011-12-07,,,,2820691.0
2011-12-12,,9742.0,,
2011-12-14,,,,2902488.0
2011-12-19,,9744.4,,
2011-12-21,,,,2916085.0
2011-12-26,,9738.5,,
2011-12-28,,,,2926095.0
2012-01-01,9753.3,,4280.7,
2012-01-02,,9850.4,,
2012-01-04,,,,2917689.0
2012-01-09,,9847.8,,
2012-01-11,,,,2899149.0
2012-01-16,,9830.7,,
2012-01-18,,,,2919423.0
2012-01-23,,9735.8,,
2012-01-25,,,,2919545.0
2012-01-30,,9702.6,,
2012-02-01,9806.3,,4294.8,2924947.0
2012-02-06,,9790.1,,
2012-02-08,,,,2928275.0
2012-02-13,,9815.9,,
2012-02-15,,,,2937893.0
2012-02-20,,9815.3,,
2012-02-22,,,,2932813.0
2012-02-27,,9800.8,,
2012-02-29,,,,2925722.0
2012-03-01,9849.3,,4304.6,
2012-03-05,,9911.4,,
2012-03-07,,,,2884747.0
2012-03-12,,9932.8,,
2012-03-14,,,,2893560.0
2012-03-19,,9927.9,,
2012-03-21,,,,2892646.0
2012-03-26,,9890.1,,
2012-03-28,,,,2878137.0
2012-04-01,9905.0,,4321.8,
2012-04-02,,9982.8,,
2012-04-04,,,,2865478.0
2012-04-09,,10048.1,,
2012-04-11,,,,2867200.0
2012-04-16,,10050.1,,
2012-04-18,,,,2875470.0
2012-04-23,,9911.5,,
2012-04-25,,,,2866561.0
2012-04-30,,9860.5,,
2012-05-01,9951.9,,4351.3,
2012-05-02,,,,2864280.0
2012-05-07,,9929.4,,
2012-05-09,,,,2864150.0
2012-05-14,,9927.2,,
2012-05-16,,,,2850984.0
2012-05-21,,9899.5,,
2012-05-23,,,,2859495.0
2012-05-28,,9867.6,,
2012-05-30,,,,2842654.0
2012-06-01,10023.7,,4386.3,
2012-06-04,,9961.8,,
2012-06-06,,,,2852018.0
2012-06-11,,10009.5,,
2012-06-13,,,,2869071.0
2012-06-18,,10008.5,,
2012-06-20,,,,2870846.0
2012-06-25,,9911.7,,
2012-06-27,,,,2863547.0
2012-07-01,10076.0,,4407.9,
2012-07-02,,10012.3,,
2012-07-04,,,,2865858.0
2012-07-09,,10064.5,,
2012-07-11,,,,2866279.0
2012-07-16,,10058.1,,
2012-07-18,,,,2855807.0
2012-07-23,,9980.7,,
2012-07-25,,,,2846757.0
2012-07-30,,9997.4,,
2012-08-01,10147.8,,4413.7,2851118.0
2012-08-06,,10091.6,,
2012-08-08,,,,2856181.0
2012-08-13,,10112.1,,
2012-08-15,,,,2833317.0
2012-08-20,,10087.6,,
2012-08-22,,,,2825661.0
2012-08-27,,10057.7,,
2012-08-29,,,,2812806.0
2012-09-01,10228.4,,4427.6,
2012-09-03,,10156.8,,
2012-09-05,,,,2822169.0
2012-09-10,,10203.4,,
2012-09-12,,,,2823448.0
2012-09-17,,10223.8,,
2012-09-19,,,,2821574.0
2012-09-24,,10120.4,,
2012-09-26,,,,2804457.0
2012-10-01,10294.4,10220.8,4444.2,
2012-10-03,,,,2808512.0
2012-10-08,,10266.6,,
2012-10-10,,,,2811623.0
2012-10-15,,10298.9,,
2012-10-17,,,,2846920.0
2012-10-22,,10234.9,,
2012-10-24,,,,2840964.0
2012-10-29,,10245.2,,
2012-10-31,,,,2823137.0
2012-11-01,10365.6,,4482.4,
2012-11-05,,10396.6,,
2012-11-07,,,,2830791.0
2012-11-12,,10365.3,,
2012-11-14,,,,2877244.0
2012-11-19,,10362.9,,
2012-11-21,,,,2871161.0
2012-11-26,,10335.7,,
2012-11-28,,,,2851362.0
2012-12-01,10485.4,,4534.8,
2012-12-03,,10435.7,,
2012-12-05,,,,2859807.0
2012-12-10,,10487.1,,
2012-12-12,,,,2917260.0
2012-12-17,,10552.0,,
2012-12-19,,,,2920231.0
2012-12-24,,10574.3,,
2012-12-26,,,,2907300.0
2012-12-31,,10641.1,,
2013-01-01,10502.3,,4533.1,
2013-01-02,,,,2917189.0
2013-01-07,,10655.4,,
2013-01-09,,,,2928728.0
2013-01-14,,10587.8,,
2013-01-16,,,,2963812.0
2013-01-21,,10501.0,,
2013-01-23,,,,3011697.0
2013-01-28,,10423.7,,
2013-01-30,,,,3008704.0
2013-02-01,10523.0,,4517.5,
2013-02-04,,10491.0,,
2013-02-06,,,,3014975.0
2013-02-11,,10513.9,,
2013-02-13,,,,3074225.0
2013-02-18,,10507.1,,
2013-02-20,,,,3095150.0
2013-02-25,,10474.0,,
2013-02-27,,,,3090600.0
2013-03-01,10578.7,,4554.2,
2013-03-04,,10597.4,,
2013-03-06,,,,3108805.0
2013-03-11,,10625.3,,
2013-03-13,,,,3165396.0
2013-03-18,,10653.4,,
2013-03-20,,,,3206888.0
2013-03-25,,10607.4,,
2013-03-27,,,,3202256.0
2013-04-01,10608.9,10745.8,4576.8,
2013-04-03,,,,3215432.0
2013-04-08,,10744.4,,
2013-04-10,,,,3227762.0
2013-04-15,,10765.5,,
2013-04-17,,,,3295109.0
2013-04-22,,10654.5,,
2013-04-24,,,,3318649.0
2013-04-29,,10557.0,,
2013-05-01,10646.5,,4591.1,3317194.0
2013-05-06,,10618.5,,
2013-05-08,,,,3324615.0
2013-05-13,,10623.0,,
2013-05-15,,,,3354269.0
2013-05-20,,10596.4,,
2013-05-22,,,,3398713.0
2013-05-27,,10563.2,,
2013-05-29,,,,3385128.0
2013-06-01,10705.6,,4605.6,
2013-06-03,,10658.2,,
2013-06-05,,,,3400183.0
2013-06-10,,10692.2,,
2013-06-12,,,,3410842.0
2013-06-17,,10698.5,,
2013-06-19,,,,3470530.0
2013-06-24,,10584.4,,
2013-06-26,,,,3478672.0
2013-07-01,10743.0,10695.0,4612.7,
2013-07-03,,,,3492742.0
2013-07-08,,10730.4,,
2013-07-10,,,,3504095.0
2013-07-15,,10726.5,,
2013-07-17,,,,3537861.0
2013-07-22,,10684.6,,
2013-07-24,,,,3574574.0
2013-07-29,,10672.0,,
2013-07-31,,,,3571797.0
2013-08-01,10803.6,,4627.7,
2013-08-05,,10774.4,,
2013-08-07,,,,3585359.0
2013-08-12,,10773.3,,
2013-08-14,,,,3646323.0
2013-08-19,,10751.8,,
2013-08-21,,,,3645668.0
2013-08-26,,10722.2,,
2013-08-28,,,,3644456.0
2013-09-01,10865.8,,4652.6,
2013-09-02,,10800.1,,
2013-09-04,,,,3654182.0
2013-09-09,,10839.8,,
2013-09-11,,,,3662035.0
2013-09-16,,10846.2,,
2013-09-18,,,,3722192.0
2013-09-23,,10782.3,,
2013-09-25,,,,3734018.0
2013-09-30,,10852.3,,
2013-10-01,10989.2,,4702.9,
2013-10-02,,,,3747387.0
2013-10-07,,10927.0,,
2013-10-09,,,,3758663.0
2013-10-14,,10980.7,,
2013-10-16,,,,3813599.0
2013-10-21,,11000.6,,
2013-10-23,,,,3839033.0
2013-10-28,,10921.8,,
2013-10-30,,,,3843396.0
2013-11-01,10999.8,,4698.8,
2013-11-04,,11002.8,,
2013-11-06,,,,3851623.0
2013-11-11,,10986.0,,
2013-11-13,,,,3907424.0
2013-11-18,,11008.6,,
2013-11-20,,,,3906620.0
2013-11-25,,10967.1,,
2013-11-27,,,,3925876.0
2013-12-01,11062.4,,4713.0,
2013-12-02,,11055.7,,
2013-12-04,,,,3932626.0
2013-12-09,,11099.2,,
2013-12-11,,,,3993955.0
2013-12-16,,11124.0,,
2013-12-18,,,,4008062.0
2013-12-23,,11142.2,,
2013-12-25,,,,4032575.0
2013-12-30,,11153.4,,
2014-01-01,11127.5,,4729.3,4023640.0
2014-01-06,,11204.1,,
2014-01-08,,,,4028185.0
2014-01-13,,11156.2,,
2014-01-15,,,,4071528.0
2014-01-20,,11126.2,,
2014-01-22,,,,4097914.0
2014-01-27,,11057.9,,
2014-01-29,,,,4102138.0
2014-02-01,11191.9,,4751.5,
2014-02-03,,11115.1,,
2014-02-05,,,,4109285.0
2014-02-10,,11163.8,,
2014-02-12,,,,4119474.0
2014-02-17,,11212.7,,
2014-02-19,,,,4149224.0
2014-02-24,,11161.4,,
2014-02-26,,,,4159972.0
2014-03-01,11228.8,,4757.4,
2014-03-03,,11232.1,,
2014-03-05,,,,4171762.0
2014-03-10,,11285.9,,
2014-03-12,,,,4181361.0
2014-03-17,,11324.5,,
2014-03-19,,,,4222081.0
2014-03-24,,11282.2,,
2014-03-26,,,,4226971.0
2014-03-31,,11329.1,,
2014-04-01,11276.0,,4768.5,
2014-04-02,,,,4236441.0
2014-04-07,,11405.9,,
2014-04-09,,,,4244188.0
2014-04-14,,11430.3,,
2014-04-16,,,,4283967.0
2014-04-21,,11369.3,,
2014-04-23,,,,4296339.0
2014-04-28,,11245.2,,
2014-04-30,,,,4296049.0
2014-05-01,11343.1,,4787.8,
2014-05-05,,11299.3,,
2014-05-07,,,,4303143.0
2014-05-12,,11300.0,,
2014-05-14,,,,4336649.0
2014-05-19,,11292.5,,
2014-05-21,,,,4327560.0
2014-05-26,,11265.5,,
2014-05-28,,,,4322654.0
2014-06-01,11398.4,,4804.8,
2014-06-02,,11359.3,,
2014-06-04,,,,4330917.0
2014-06-09,,11377.7,,
2014-06-11,,,,4340904.0
2014-06-16,,11394.7,,
2014-06-18,,,,4368168.0
2014-06-23,,11304.4,,
2014-06-25,,,,4368348.0
2014-06-30,,11357.7,,
2014-07-01,11452.5,,4822.1,
2014-07-02,,,,4377031.0
2014-07-07,,11441.0,,
2014-07-09,,,,4383401.0
2014-07-14,,11437.9,,
2014-07-16,,,,4398201.0
2014-07-21,,11408.6,,
2014-07-23,,,,4410746.0
2014-07-28,,11379.1,,
2014-07-30,,,,4406637.0
2014-08-01,11477.8,,4833.6,
2014-08-04,,11476.4,,
2014-08-06,,,,4410111.0
2014-08-11,,11446.3,,
2014-08-13,,,,4431923.0
2014-08-18,,11457.5,,
2014-08-20,,,,4412924.0
2014-08-25,,11398.6,,
2014-08-27,,,,4413736.0
2014-09-01,11520.7,11457.5,4851.3,
2014-09-03,,,,4415587.0
2014-09-08,,11511.1,,
2014-09-10,,,,4421408.0
2014-09-15,,11531.1,,
2014-09-17,,,,4449588.0
2014-09-22,,11452.1,,
2014-09-24,,,,4459050.0
2014-09-29,,11466.7,,
2014-10-01,11596.5,,4884.2,4450260.0
2014-10-06,,11571.6,,
2014-10-08,,,,4455403.0
2014-10-13,,11572.1,,
2014-10-15,,,,4474360.0
2014-10-20,,11585.8,,
2014-10-22,,,,4481616.0
2014-10-27,,11541.0,,
2014-10-29,,,,4486754.0
2014-11-01,11638.9,,4911.3,
2014-11-03,,11590.3,,
2014-11-05,,,,4486585.0
2014-11-10,,11637.1,,
2014-11-12,,,,4488895.0
2014-11-17,,11659.0,,
2014-11-19,,,,4492759.0
2014-11-24,,11596.4,,
2014-11-26,,,,4485931.0
2014-12-01,11721.2,11684.8,4961.3,
2014-12-03,,,,4486190.0
2014-12-08,,11741.5,,
2014-12-10,,,,4488865.0
2014-12-15,,11781.9,,
2014-12-17,,,,4502247.0
2014-12-22,,11800.8,,
2014-12-24,,,,4509462.0
2014-12-29,,11816.1,,
2014-12-31,,,,4497660.0
2015-01-01,11806.2,,5029.3,
2015-01-05,,11846.3,,
2015-01-07,,,,4499524.0
2015-01-12,,11823.2,,
2015-01-14,,,,4516077.0
2015-01-19,,11779.2,,
2015-01-21,,,,4512936.0
2015-01-26,,11703.5,,
2015-01-28,,,,4500064.0
2015-02-01,11920.7,,5065.3,
2015-02-02,,11805.0,,
2015-02-04,,,,4500348.0
2015-02-09,,11838.4,,
2015-02-11,,,,4501685.0
2015-02-16,,11881.4,,
2015-02-18,,,,4496851.0
2015-02-23,,11867.0,,
2015-02-25,,,,4486725.0
2015-03-01,11919.1,,5051.0,
2015-03-02,,11944.3,,
2015-03-04,,,,4487583.0
2015-03-09,,11972.8,,
2015-03-11,,,,4489279.0
2015-03-16,,12005.0,,
2015-03-18,,,,4495888.0
2015-03-23,,11950.2,,
2015-03-25,,,,4480603.0
2015-03-30,,11987.4,,
2015-04-01,11953.4,,5060.2,4481799.0
2015-04-06,,12139.2,,
2015-04-08,,,,4483419.0
2015-04-13,,12117.9,,
2015-04-15,,,,4485366.0
2015-04-20,,12060.9,,
2015-04-22,,,,4489695.0
2015-04-27,,11879.8,,
2015-04-29,,,,4471499.0
2015-05-01,11981.9,,5055.6,
2015-05-04,,11924.9,,
2015-05-06,,,,4472703.0
2015-05-11,,11931.7,,
2015-05-13,,,,4501188.0
2015-05-18,,11946.1,,
2015-05-20,,,,4480384.0
2015-05-25,,11900.2,,
2015-05-27,,,,4463981.0
2015-06-01,12020.9,11959.4,5058.1,
2015-06-03,,,,4465360.0
2015-06-08,,11997.9,,
2015-06-10,,,,4468005.0
2015-06-15,,12013.7,,
2015-06-17,,,,4487817.0
2015-06-22,,11958.0,,
2015-06-24,,,,4495055.0
2015-06-29,,11975.9,,
2015-07-01,12063.5,,5068.0,4479130.0
2015-07-06,,12109.2,,
2015-07-08,,,,4481289.0
2015-07-13,,12063.7,,
2015-07-15,,,,4493605.0
2015-07-20,,12028.7,,
2015-07-22,,,,4500503.0
2015-07-27,,11978.7,,
2015-07-29,,,,4485480.0
2015-08-01,12110.1,,5087.6,
2015-08-03,,12063.3,,
2015-08-05,,,,4486329.0
2015-08-10,,12091.8,,
2015-08-12,,,,4489250.0
2015-08-17,,12126.3,,
2015-08-19,,,,4487208.0
2015-08-24,,12070.5,,
2015-08-26,,,,4475105.0
2015-08-31,,12105.8,,
2015-09-01,12172.7,,5125.4,
2015-09-02,,,,4475886.0
2015-09-07,,12189.6,,
2015-09-09,,,,4478213.0
2015-09-14,,12215.7,,
2015-09-16,,,,4487809.0
2015-09-21,,12161.7,,
2015-09-23,,,,4497484.0
2015-09-28,,12103.0,,
2015-09-30,,,,4484111.0
2015-10-01,12228.4,,5143.8,
2015-10-05,,12199.9,,
2015-10-07,,,,4486185.0
2015-10-12,,12189.9,,
2015-10-14,,,,4504704.0
2015-10-19,,12196.8,,
2015-10-21,,,,4501372.0
2015-10-26,,12162.4,,
2015-10-28,,,,4489339.0
2015-11-01,12322.7,,5177.2,
2015-11-02,,12279.7,,
2015-11-04,,,,4489702.0
2015-11-09,,12322.3,,
2015-11-11,,,,4492012.0
2015-11-16,,12354.0,,
2015-11-18,,,,4486721.0
2015-11-23,,12301.1,,
2015-11-25,,,,4477088.0
2015-11-30,,12335.5,,
2015-12-01,12393.6,,5212.6,
2015-12-02,,,,4478069.0
2015-12-07,,12400.0,,
2015-12-09,,,,4480436.0
2015-12-14,,12437.4,,
2015-12-16,,,,4489593.0
2015-12-21,,12492.1,,
2015-12-23,,,,4496523.0
2015-12-28,,12483.9,,
2015-12-30,,,,4486587.0
2016-01-01,12522.2,,5269.1,
2016-01-04,,12516.7,,
2016-01-06,,,,4486606.0
2016-01-11,,12572.1,,
2016-01-13,,,,4501695.0
2016-01-18,,12528.7,,
2016-01-20,,,,4488840.0
2016-01-25,,12443.5,,
2016-01-27,,,,4482349.0
2016-02-01,12604.4,12486.2,5310.8,
2016-02-03,,,,4483495.0
2016-02-08,,12498.7,,
2016-02-10,,,,4486278.0
2016-02-15,,12565.8,,
2016-02-17,,,,4483629.0
2016-02-22,,12552.4,,
2016-02-24,,,,4489796.0
2016-02-29,,12580.4,,
2016-03-01,12662.2,,5318.5,
2016-03-02,,,,4478485.0
2016-03-07,,12678.6,,
2016-03-09,,,,4481083.0
2016-03-14,,12702.5,,
2016-03-16,,,,4486333.0
2016-03-21,,12705.3,,
2016-03-23,,,,4492857.0
2016-03-28,,12755.8,,
2016-03-30,,,,4482840.0
2016-04-01,12741.9,,5331.5,
2016-04-04,,12846.1,,
2016-04-06,,,,4484069.0
2016-04-11,,12860.8,,
2016-04-13,,,,4499729.0
2016-04-18,,12871.8,,
2016-04-20,,,,4490131.0
2016-04-25,,12714.8,,
2016-04-27,,,,4474665.0
2016-05-01,12800.7,,5343.5,
2016-05-02,,12731.4,,
2016-05-04,,,,4477270.0
2016-05-09,,12752.6,,
2016-05-11,,,,4478411.0
2016-05-16,,12769.5,,
2016-05-18,,,,4473741.0
2016-05-23,,12723.1,,
2016-05-25,,,,4461111.0
2016-05-30,,12711.0,,
2016-06-01,12849.3,,5348.9,4461393.0
2016-06-06,,12824.1,,
2016-06-08,,,,4463542.0
2016-06-13,,12863.7,,
2016-06-15,,,,4472817.0
2016-06-20,,12831.2,,
2016-06-22,,,,4482009.0
2016-06-27,,12760.4,,
2016-06-29,,,,4466482.0
2016-07-01,12907.3,,5375.8,
2016-07-04,,12891.0,,
2016-07-06,,,,4470605.0
2016-07-11,,12889.2,,
2016-07-13,,,,4472202.0
2016-07-18,,12893.1,,
2016-07-20,,,,4480973.0
2016-07-25,,12827.8,,
2016-07-27,,,,4464498.0
2016-08-01,12986.7,12920.5,5398.9,
2016-08-03,,,,4466793.0
2016-08-08,,12993.6,,
2016-08-10,,,,4468929.0
2016-08-15,,12998.8,,
2016-08-17,,,,4466476.0
2016-08-22,,12969.5,,
2016-08-24,,,,4473840.0
2016-08-29,,12950.9,,
2016-08-31,,,,4457907.0
2016-09-01,13052.7,,5412.1,
2016-09-05,,13060.2,,
2016-09-07,,,,4459394.0
2016-09-12,,13101.1,,
2016-09-14,,,,4481635.0
2016-09-19,,13056.8,,
2016-09-21,,,,4473032.0
2016-09-26,,12961.7,,
2016-09-28,,,,4452002.0
2016-10-01,13124.5,,5429.2,
2016-10-03,,13072.5,,
2016-10-05,,,,4459407.0
2016-10-10,,13121.9,,
2016-10-12,,,,4457698.0
2016-10-17,,13141.2,,
2016-10-19,,,,4467382.0
2016-10-24,,13050.7,,
2016-10-26,,,,4454326.0
2016-10-31,,13101.6,,
2016-11-01,13214.2,,5459.8,
2016-11-02,,,,4453087.0
2016-11-07,,13184.1,,
2016-11-09,,,,4455087.0
2016-11-14,,13229.7,,
2016-11-16,,,,4453633.0
2016-11-21,,13241.0,,
2016-11-23,,,,4465782.0
2016-11-28,,13210.7,,
2016-11-30,,,,4446307.0
2016-12-01,13240.6,,5457.0,
2016-12-05,,13285.4,,
2016-12-07,,,,4448618.0
2016-12-12,,13307.1,,
2016-12-14,,,,4470973.0
2016-12-19,,13327.8,,
2016-12-21,,,,4469089.0
2016-12-26,,13322.1,,
2016-12-28,,,,4451451.0
2017-01-01,13318.9,,5467.1,
2017-01-02,,13372.2,,
2017-01-04,,,,4453101.0
2017-01-09,,13395.4,,
2017-01-11,,,,4452509.0
2017-01-16,,13360.3,,
2017-01-18,,,,4460758.0
2017-01-23,,13260.8,,
2017-01-25,,,,4452838.0
2017-01-30,,13207.3,,
2017-02-01,13395.2,,5489.7,4453881.0
2017-02-06,,13304.3,,
2017-02-08,,,,4456236.0
2017-02-13,,13324.6,,
2017-02-15,,,,4454676.0
2017-02-20,,13327.5,,
2017-02-22,,,,4468702.0
2017-02-27,,13349.6,,
2017-03-01,13464.6,,5520.7,4458018.0
2017-03-06,,13475.1,,
2017-03-08,,,,4459840.0
2017-03-13,,13529.4,,
2017-03-15,,,,4469577.0
2017-03-20,,13528.8,,
2017-03-22,,,,4478236.0
2017-03-27,,13497.6,,
2017-03-29,,,,4469618.0
2017-04-01,13520.3,,5536.7,
2017-04-03,,13609.4,,
2017-04-05,,,,4474634.0
2017-04-10,,13660.1,,
2017-04-12,,,,4484492.0
2017-04-17,,13701.1,,
2017-04-19,,,,4479270.0
2017-04-24,,13496.6,,
2017-04-26,,,,4470142.0
2017-05-01,13567.4,13477.5,5560.3,
2017-05-03,,,,4471246.0
2017-05-08,,13500.2,,
2017-05-10,,,,4473459.0
2017-05-15,,13518.9,,
2017-05-17,,,,4467108.0
2017-05-22,,13495.9,,
2017-05-24,,,,4470852.0
2017-05-29,,13482.0,,
2017-05-31,,,,4459914.0
2017-06-01,13577.0,,5560.6,
2017-06-05,,13583.7,,
2017-06-07,,,,4462443.0
2017-06-12,,13577.5,,
2017-06-14,,,,4476269.0
2017-06-19,,13557.4,,
2017-06-21,,,,4474257.0
2017-06-26,,13479.2,,
2017-06-28,,,,4463347.0
2017-07-01,13638.5,,5584.0,
2017-07-03,,13592.0,,
2017-07-05,,,,4467272.0
2017-07-10,,13647.6,,
2017-07-12,,,,4466702.0
2017-07-17,,13637.7,,
2017-07-19,,,,4476903.0
2017-07-24,,13553.4,,
2017-07-26,,,,4465284.0
2017-07-31,,13610.9,,
2017-08-01,13695.0,,5585.6,
2017-08-02,,,,4466846.0
2017-08-07,,13700.7,,
2017-08-09,,,,4469083.0
2017-08-14,,13692.2,,
2017-08-16,,,,4462871.0
2017-08-21,,13687.9,,
2017-08-23,,,,4463837.0
2017-08-28,,13657.1,,
2017-08-30,,,,4452360.0
2017-09-01,13743.0,,5576.7,
2017-09-04,,13747.9,,
2017-09-06,,,,4453474.0
2017-09-11,,13776.9,,
2017-09-13,,,,4471174.0
2017-09-18,,13753.5,,
2017-09-20,,,,4458576.0
2017-09-25,,13645.8,,
2017-09-27,,,,4455661.0
2017-10-01,13801.5,,5596.1,
2017-10-02,,13770.6,,
2017-10-04,,,,4460422.0
2017-10-09,,13810.6,,
2017-10-11,,,,4459415.0
2017-10-16,,13821.8,,
2017-10-18,,,,4469723.0
2017-10-23,,13737.5,,
2017-10-25,,,,4461117.0
2017-10-30,,13744.3,,
2017-11-01,13849.1,,5600.5,4455887.0
2017-11-06,,13855.1,,
2017-11-08,,,,4458552.0
2017-11-13,,13858.8,,
2017-11-15,,,,4448289.0
2017-11-20,,13854.7,,
2017-11-22,,,,4450615.0
2017-11-27,,13837.1,,
2017-11-29,,,,4438592.0
2017-12-01,13887.3,,5604.1,
2017-12-04,,13911.7,,
2017-12-06,,,,4437148.0
2017-12-11,,13968.9,,
2017-12-13,,,,4452726.0
2017-12-18,,13999.9,,
2017-12-20,,,,4447470.0
2017-12-25,,13968.4,,
2017-12-27,,,,4448680.0
2018-01-01,13902.4,13996.7,5586.5,
2018-01-03,,,,4443718.0
2018-01-08,,14003.3,,
2018-01-10,,,,4446062.0
2018-01-15,,13954.7,,
2018-01-17,,,,4439145.0
2018-01-22,,13857.8,,
2018-01-24,,,,4441317.0
2018-01-29,,13779.9,,
2018-01-31,,,,4419225.0
2018-02-01,13949.8,,5590.5,
2018-02-05,,13874.1,,
2018-02-07,,,,4420745.0
2018-02-12,,13870.1,,
2018-02-14,,,,4434863.0
2018-02-19,,13877.1,,
2018-02-21,,,,4411660.0
2018-02-26,,13876.5,,
2018-02-28,,,,4393401.0
2018-03-01,14014.5,,5615.3,
2018-03-05,,14028.9,,
2018-03-07,,,,4396097.0
2018-03-12,,14051.0,,
2018-03-14,,,,4407258.0
2018-03-19,,14055.0,,
2018-03-21,,,,4401222.0
2018-03-26,,14030.5,,
2018-03-28,,,,4392198.0
2018-04-01,14034.8,,5608.8,
2018-04-02,,14187.7,,
2018-04-04,,,,4386104.0
2018-04-09,,14184.9,,
2018-04-11,,,,4383684.0
2018-04-16,,14206.2,,
2018-04-18,,,,4385903.0
2018-04-23,,14044.7,,
2018-04-25,,,,4372886.0
2018-04-30,,13952.0,,
2018-05-01,14091.0,,5618.6,
2018-05-02,,,,4356129.0
2018-05-07,,14011.8,,
2018-05-09,,,,4358207.0
2018-05-14,,14028.7,,
2018-05-16,,,,4337609.0
2018-05-21,,14013.2,,
2018-05-23,,,,4337301.0
2018-05-28,,13996.7,,
2018-05-30,,,,4327519.0
2018-06-01,14133.2,,5630.4,
2018-06-04,,14118.3,,
2018-06-06,,,,4319191.0
2018-06-11,,14128.8,,
2018-06-13,,,,4324906.0
2018-06-18,,14146.3,,
2018-06-20,,,,4315896.0
2018-06-25,,14025.7,,
2018-06-27,,,,4305491.0
2018-07-01,14170.0,,5640.6,
2018-07-02,,14151.0,,
2018-07-04,,,,4289764.0
2018-07-09,,14188.2,,
2018-07-11,,,,4291201.0
2018-07-16,,14178.9,,
2018-07-18,,,,4291615.0
2018-07-23,,14096.8,,
2018-07-25,,,,4277681.0
2018-07-30,,14108.3,,
2018-08-01,14221.3,,5650.9,4255653.0
2018-08-06,,14207.5,,
2018-08-08,,,,4258030.0
2018-08-13,,14215.9,,
2018-08-15,,,,4228924.0
2018-08-20,,14205.0,,
2018-08-22,,,,4228818.0
2018-08-27,,14168.7,,
2018-08-29,,,,4218914.0
2018-09-01,14243.9,,5648.3,
2018-09-03,,14260.2,,
2018-09-05,,,,4208496.0
2018-09-10,,14264.9,,
2018-09-12,,,,4210812.0
2018-09-17,,14270.8,,
2018-09-19,,,,4208059.0
2018-09-24,,14150.6,,
2018-09-26,,,,4192909.0
2018-10-01,14257.6,14239.2,5640.5,
2018-10-03,,,,4174704.0
2018-10-08,,14250.3,,
2018-10-10,,,,4176906.0
2018-10-15,,14280.5,,
2018-10-17,,,,4175446.0
2018-10-22,,14226.5,,
2018-10-24,,,,4173070.0
2018-10-29,,14190.0,,
2018-10-31,,,,4139731.0
2018-11-01,14288.4,,5656.7,
2018-11-05,,14280.6,,
2018-11-07,,,,4141936.0
2018-11-12,,14270.8,,
2018-11-14,,,,4145892.0
2018-11-19,,14309.8,,
2018-11-21,,,,4106198.0
2018-11-26,,14260.4,,
2018-11-28,,,,4097170.0
2018-12-01,14392.0,,5693.8,
2018-12-03,,14388.7,,
2018-12-05,,,,4086044.0
2018-12-10,,14432.7,,
2018-12-12,,,,4088314.0
2018-12-17,,14455.1,,
2018-12-19,,,,4084274.0
2018-12-24,,14522.9,,
2018-12-26,,,,4075636.0
2018-12-31,,14570.4,,
2019-01-01,14460.2,,5725.4,
2019-01-02,,,,4058378.0
2019-01-07,,14574.7,,
2019-01-09,,,,4056563.0
2019-01-14,,14527.2,,
2019-01-16,,,,4050044.0
2019-01-21,,14435.7,,
2019-01-23,,,,4047052.0
2019-01-28,,14365.6,,
2019-01-30,,,,4039678.0
2019-02-01,14506.6,,5726.6,
2019-02-04,,14430.2,,
2019-02-06,,,,4026350.0
2019-02-11,,14434.7,,
2019-02-13,,,,4028431.0
2019-02-18,,14435.0,,
2019-02-20,,,,3981420.0
2019-02-25,,14415.3,,
2019-02-27,,,,3974590.0
2019-03-01,14559.5,,5725.8,
2019-03-04,,14560.8,,
2019-03-06,,,,3969134.0
2019-03-11,,14603.4,,
2019-03-13,,,,3971559.0
2019-03-18,,14613.4,,
2019-03-20,,,,3962748.0
2019-03-25,,14574.5,,
2019-03-27,,,,3955617.0
2019-04-01,14594.0,14694.4,5717.9,
2019-04-03,,,,3935509.0
2019-04-08,,14742.4,,
2019-04-10,,,,3936784.0
2019-04-15,,14764.9,,
2019-04-17,,,,3931827.0
2019-04-22,,14631.5,,
2019-04-24,,,,3928273.0
2019-04-29,,14517.5,,
2019-05-01,14703.2,,5759.3,3889691.0
2019-05-06,,14595.3,,
2019-05-08,,,,3892216.0
2019-05-13,,14593.7,,
2019-05-15,,,,3864749.0
2019-05-20,,14619.3,,
2019-05-22,,,,3860435.0
2019-05-27,,14608.9,,
2019-05-29,,,,3851444.0
2019-06-01,14798.8,,5798.6,
2019-06-03,,14741.0,,
2019-06-05,,,,3847645.0
2019-06-10,,14782.8,,
2019-06-12,,,,3849955.0
2019-06-17,,14823.7,,
2019-06-19,,,,3844016.0
2019-06-24,,14703.6,,
2019-06-26,,,,3826817.0
2019-07-01,14882.7,14823.1,5818.1,
2019-07-03,,,,3813198.0
2019-07-08,,14899.6,,
2019-07-10,,,,3815038.0
2019-07-15,,14856.0,,
2019-07-17,,,,3808110.0
2019-07-22,,14824.1,,
2019-07-24,,,,3803436.0
2019-07-29,,14836.5,,
2019-07-31,,,,3779102.0
2019-08-01,14974.4,,5848.6,
2019-08-05,,14970.9,,
2019-08-07,,,,3781543.0
2019-08-12,,14954.3,,
2019-08-14,,,,3786018.0
2019-08-19,,14941.5,,
2019-08-21,,,,3764866.0
2019-08-26,,14879.9,,
2019-08-28,,,,3759946.0
2019-09-01,15047.2,,5868.0,
2019-09-02,,14995.0,,
2019-09-04,,,,3761508.0
2019-09-09,,15046.5,,
2019-09-11,,,,3769673.0
2019-09-16,,15052.4,,
2019-09-18,,,,3844695.0
2019-09-23,,14983.9,,
2019-09-25,,,,3857715.0
2019-09-30,,15064.1,,
2019-10-01,15185.6,,5905.2,
2019-10-02,,,,3945831.0
2019-10-07,,15164.3,,
2019-10-09,,,,3949955.0
2019-10-14,,15175.8,,
2019-10-16,,,,3966471.0
2019-10-21,,15166.5,,
2019-10-23,,,,3968700.0
2019-10-28,,15127.1,,
2019-10-30,,,,4019823.0
2019-11-01,15301.3,,5933.5,
2019-11-04,,15268.7,,
2019-11-06,,,,4039443.0
2019-11-11,,15271.4,,
2019-11-13,,,,4047882.0
2019-11-18,,15330.3,,
2019-11-20,,,,4030249.0
2019-11-25,,15279.9,,
2019-11-27,,,,4052875.0
2019-12-01,15351.5,,5935.7,
2019-12-02,,15374.7,,
2019-12-04,,,,4065696.0
2019-12-09,,15384.4,,
2019-12-11,,,,4095491.0
2019-12-16,,15475.1,,
2019-12-18,,,,4137052.0
2019-12-23,,15487.5,,
2019-12-25,,,,4165591.0
2019-12-30,,15498.5,,
2020-01-01,15425.0,,5952.7,4173626.0
2020-01-06,,15530.5,,
2020-01-08,,,,4149544.0
2020-01-13,,15500.0,,
2020-01-15,,,,4175850.0
2020-01-20,,15454.4,,
2020-01-22,,,,4145912.0
2020-01-27,,15342.8,,
2020-01-29,,,,4151630.0
2020-02-01,15492.8,,5976.0,
2020-02-03,,15407.7,,
2020-02-05,,,,4166707.0
2020-02-10,,15412.0,,
2020-02-12,,,,4182689.0
2020-02-17,,15444.5,,
2020-02-19,,,,4171570.0
2020-02-24,,15380.3,,
2020-02-26,,,,4158637.0
2020-03-01,16034.4,,6213.1,
2020-03-02,,15541.1,,
2020-03-04,,,,4241507.0
2020-03-09,,15677.5,,
2020-03-11,,,,4311911.0
2020-03-16,,15871.7,,
2020-03-18,,,,4668212.0
2020-03-23,,16242.8,,
2020-03-25,,,,5254278.0
2020-03-30,,16662.4,,
2020-04-01,17064.0,,6664.8,5811607.0
2020-04-06,,16821.6,,
2020-04-08,,,,6083141.0
2020-04-13,,16968.0,,
2020-04-15,,,,6367887.0
2020-04-20,,17229.1,,
2020-04-22,,,,6573136.0
2020-04-27,,17368.0,,
2020-04-29,,,,6655929.0
2020-05-01,17931.9,,7010.1,
2020-05-04,,17585.8,,
2020-05-06,,,,6721420.0
2020-05-11,,17723.5,,
2020-05-13,,,,6934227.0
2020-05-18,,17856.0,,
2020-05-20,,,,7037258.0
2020-05-25,,17830.7,,
2020-05-27,,,,7097316.0
2020-06-01,18180.0,17961.7,7072.8,
2020-06-03,,,,7165217.0
2020-06-08,,18073.5,,
2020-06-10,,,,7168936.0
2020-06-15,,18161.8,,
2020-06-17,,,,7094690.0
2020-06-22,,18152.1,,
2020-06-24,,,,7082302.0
2020-06-29,,18206.4,,
2020-07-01,18331.4,,7095.5,7009040.0
2020-07-06,,18389.6,,
2020-07-08,,,,6920716.0
2020-07-13,,18392.4,,
2020-07-15,,,,6958604.0
2020-07-20,,18290.1,,
2020-07-22,,,,6964755.0
2020-07-27,,18157.9,,
2020-07-29,,,,6949032.0
2020-08-01,18413.3,,7100.7,
2020-08-03,,18269.7,,
2020-08-05,,,,6945237.0
2020-08-10,,18336.1,,
2020-08-12,,,,6957277.0
2020-08-17,,18405.5,,
2020-08-19,,,,7010637.0
2020-08-24,,18305.9,,
2020-08-26,,,,6990418.0
2020-08-31,,18425.0,,
2020-09-01,18605.0,,7155.9,
2020-09-02,,,,7017492.0
2020-09-07,,18560.3,,
2020-09-09,,,,7010614.0
2020-09-14,,18644.0,,
2020-09-16,,,,7064475.0
2020-09-21,,18596.3,,
2020-09-23,,,,7093161.0
2020-09-28,,18533.7,,
2020-09-30,,,,7056129.0
2020-10-01,18759.9,,7206.5,
2020-10-05,,18677.4,,
2020-10-07,,,,7074649.0
2020-10-12,,18689.8,,
2020-10-14,,,,7151426.0
2020-10-19,,18745.3,,
2020-10-21,,,,7177265.0
2020-10-26,,18683.2,,
2020-10-28,,,,7146306.0
2020-11-01,19002.4,,7283.1,
2020-11-02,,18870.9,,
2020-11-04,,,,7157479.0
2020-11-09,,18951.0,,
2020-11-11,,,,7175417.0
2020-11-16,,19033.9,,
2020-11-18,,,,7243080.0
2020-11-23,,19008.7,,
2020-11-25,,,,7216480.0
2020-11-30,,19088.7,,
2020-12-01,19119.4,,7296.2,
2020-12-02,,,,7222414.0
2020-12-07,,19194.5,,
2020-12-09,,,,7242658.0
2020-12-14,,19243.7,,
2020-12-16,,,,7362592.0
2020-12-21,,19297.1,,
2020-12-23,,,,7404039.0
2020-12-28,,19328.2,,
2020-12-30,,,,7363351.0
2021-01-01,19375.3,,7375.8,
2021-01-04,,19399.0,,
2021-01-06,,,,7334809.0
2021-01-11,,19459.6,,
2021-01-13,,,,7333968.0
2021-01-18,,19429.7,,
2021-01-20,,,,7414942.0
2021-01-25,,19310.4,,
2021-01-27,,,,7404926.0
2021-02-01,19641.4,19414.6,7451.8,
2021-02-03,,,,7410598.0
2021-02-08,,19447.9,,
2021-02-10,,,,7442225.0
2021-02-15,,19554.9,,
2021-02-17,,,,7557402.0
2021-02-22,,19564.7,,
2021-02-24,,,,7590111.0
2021-03-01,19874.5,19651.1,7500.9,
2021-03-03,,,,7557524.0
2021-03-08,,19742.6,,
2021-03-10,,,,7579901.0
2021-03-15,,19879.3,,
2021-03-17,,,,7693506.0
2021-03-22,,20056.0,,
2021-03-24,,,,7719622.0
2021-03-29,,20129.4,,
2021-03-31,,,,7688988.0
2021-04-01,20174.2,,7566.8,
2021-04-05,,20333.8,,
2021-04-07,,,,7708882.0
2021-04-12,,20319.4,,
2021-04-14,,,,7793104.0
2021-04-19,,20313.9,,
2021-04-21,,,,7820948.0
2021-04-26,,20161.2,,
2021-04-28,,,,7780962.0
2021-05-01,20457.5,,7622.5,
2021-05-03,,20285.1,,
2021-05-05,,,,7810486.0
2021-05-10,,20364.3,,
2021-05-12,,,,7830663.0
2021-05-17,,20414.5,,
2021-05-19,,,,7922883.0
2021-05-24,,20246.7,,
2021-05-26,,,,7903541.0
2021-05-31,,20294.6,,
2021-06-01,20472.7,,7564.2,
2021-06-02,,,,7935703.0
2021-06-07,,20430.9,,
2021-06-09,,,,7952327.0
2021-06-14,,20516.6,,
2021-06-16,,,,8064257.0
2021-06-21,,20421.1,,
2021-06-23,,,,8101945.0
2021-06-28,,20362.1,,
2021-06-30,,,,8078544.0
2021-07-01,20630.0,,7587.3,
2021-07-05,,20583.8,,
2021-07-07,,,,8097773.0
2021-07-12,,20575.8,,
2021-07-14,,,,8201651.0
2021-07-19,,20605.2,,
2021-07-21,,,,8240530.0
2021-07-26,,20556.9,,
2021-07-28,,,,8221473.0
2021-08-01,20844.1,,7644.3,
2021-08-02,,20683.4,,
2021-08-04,,,,8235073.0
2021-08-09,,20741.6,,
2021-08-11,,,,8257159.0
2021-08-16,,20811.7,,
2021-08-18,,,,8342598.0
2021-08-23,,20787.1,,
2021-08-25,,,,8332743.0
2021-08-30,,20818.5,,
2021-09-01,20985.5,,7661.5,8349173.0
2021-09-06,,20961.0,,
2021-09-08,,,,8357314.0
2021-09-13,,21005.6,,
2021-09-15,,,,8448770.0
2021-09-20,,20960.2,,
2021-09-22,,,,8489824.0
2021-09-27,,20870.4,,
2021-09-29,,,,8447981.0
2021-10-01,21164.2,,7652.9,
2021-10-04,,21075.2,,
2021-10-06,,,,8464032.0
2021-10-11,,21100.1,,
2021-10-13,,,,8480942.0
2021-10-18,,21175.5,,
2021-10-20,,,,8564943.0
2021-10-25,,21064.8,,
2021-10-27,,,,8556181.0
2021-11-01,21341.0,21205.2,7651.3,
2021-11-03,,,,8574871.0
2021-11-08,,21284.3,,
2021-11-10,,,,8663117.0
2021-11-15,,21348.8,,
2021-11-17,,,,8674970.0
2021-11-22,,21378.3,,
2021-11-24,,,,8681771.0
2021-11-29,,21407.2,,
2021-12-01,21502.8,,7656.5,8650402.0
2021-12-06,,21550.7,,
2021-12-08,,,,8664524.0
2021-12-13,,21606.2,,
2021-12-15,,,,8756666.0
2021-12-20,,21732.4,,
2021-12-22,,,,8790495.0
2021-12-27,,21776.8,,
2021-12-29,,,,8757460.0
2022-01-01,21647.4,,7661.6,
2022-01-03,,21754.4,,
2022-01-05,,,,8765721.0
2022-01-10,,21774.8,,
2022-01-12,,,,8788278.0
2022-01-17,,21747.9,,
2022-01-19,,,,8867834.0
2022-01-24,,21563.9,,
2022-01-26,,,,8860485.0
2022-01-31,,21552.4,,
2022-02-01,21725.6,,7636.4,
2022-02-02,,,,8873211.0
2022-02-07,,21589.5,,
2022-02-09,,,,8878009.0
2022-02-14,,21599.5,,
2022-02-16,,,,8911033.0
2022-02-21,,21603.0,,
2022-02-23,,,,8928129.0
2022-02-28,,21687.6,,
2022-03-01,21788.1,,7573.9,
2022-03-02,,,,8904455.0
2022-03-07,,21841.1,,
2022-03-09,,,,8910748.0
2022-03-14,,21891.8,,
2022-03-16,,,,8954306.0
2022-03-21,,21896.6,,
2022-03-23,,,,8962474.0
2022-03-28,,21883.8,,
2022-03-30,,,,8937142.0
2022-04-01,21768.4,,7543.8,
2022-04-04,,22027.4,,
2022-04-06,,,,8937592.0
2022-04-11,,22014.0,,
2022-04-13,,,,8965487.0
2022-04-18,,22087.5,,
2022-04-20,,,,8955851.0
2022-04-25,,21641.1,,
2022-04-27,,,,8939199.0
2022-05-01,21718.0,,7455.6,
2022-05-02,,21647.4,,
2022-05-04,,,,8939972.0
2022-05-09,,21584.1,,
2022-05-11,,,,8942008.0
2022-05-16,,21616.7,,
2022-05-18,,,,8945898.0
2022-05-23,,21572.7,,
2022-05-25,,,,8914281.0
2022-05-30,,21558.5,,
2022-06-01,21647.0,,7339.0,8915050.0
2022-06-06,,21657.4,,
2022-06-08,,,,8918254.0
2022-06-13,,21632.4,,
2022-06-15,,,,8932420.0
2022-06-20,,21589.9,,
2022-06-22,,,,8934346.0
2022-06-27,,21564.2,,
2022-06-29,,,,8913553.0
2022-07-01,21649.3,,7340.9,
2022-07-04,,21660.0,,
2022-07-06,,,,8891851.0
2022-07-11,,21625.5,,
2022-07-13,,,,8895867.0
2022-07-18,,21603.0,,
2022-07-20,,,,8899213.0
2022-07-25,,21556.9,,
2022-07-27,,,,8890004.0
2022-08-01,21641.9,21626.7,7333.8,
2022-08-03,,,,8874620.0
2022-08-08,,21620.4,,
2022-08-10,,,,8879138.0
2022-08-15,,21628.9,,
2022-08-17,,,,8849762.0
2022-08-22,,21575.9,,
2022-08-24,,,,8851436.0
2022-08-29,,21509.9,,
2022-08-31,,,,8826093.0
2022-09-01,21541.3,,7268.9,
2022-09-05,,21578.4,,
2022-09-07,,,,8822401.0
2022-09-12,,21575.3,,
2022-09-14,,,,8832759.0
2022-09-19,,21519.4,,
2022-09-21,,,,8816802.0
2022-09-26,,21397.4,,
2022-09-28,,,,8795567.0
2022-10-01,21464.1,,7202.5,
2022-10-03,,21470.0,,
2022-10-05,,,,8759053.0
2022-10-10,,21437.6,,
2022-10-12,,,,8758969.0
2022-10-17,,21471.4,,
2022-10-19,,,,8743922.0
2022-10-24,,21331.6,,
2022-10-26,,,,8723090.0
2022-10-31,,21382.4,,
2022-11-01,21409.5,,7165.5,
2022-11-02,,,,8676870.0
2022-11-07,,21425.5,,
2022-11-09,,,,8678886.0
2022-11-14,,21425.5,,
2022-11-16,,,,8625620.0
2022-11-21,,21432.4,,
2022-11-23,,,,8621390.0
2022-11-28,,21392.2,,
2022-11-30,,,,8584576.0
2022-12-01,21293.2,,7125.5,
2022-12-05,,21460.7,,
2022-12-07,,,,8582735.0
2022-12-12,,21456.1,,
2022-12-14,,,,8583413.0
2022-12-19,,21468.8,,
2022-12-21,,,,8564411.0
2022-12-26,,21440.6,,
2022-12-28,,,,8551169.0
2023-01-01,21274.0,,7081.4,
2023-01-02,,21407.8,,
2023-01-04,,,,8507429.0
2023-01-09,,21459.9,,
2023-01-11,,,,8508587.0
2023-01-16,,21371.0,,
2023-01-18,,,,8489039.0
2023-01-23,,21226.5,,
2023-01-25,,,,8470557.0
2023-01-30,,21135.3,,
2023-02-01,21240.2,,7046.0,8433610.0
2023-02-06,,21204.0,,
2023-02-08,,,,8435369.0
2023-02-13,,21137.2,,
2023-02-15,,,,8384767.0
2023-02-20,,21128.8,,
2023-02-22,,,,8382190.0
2023-02-27,,21125.5,,
2023-03-01,20942.3,,6938.6,8339684.0
2023-03-06,,21173.4,,
2023-03-08,,,,8342283.0
2023-03-13,,21169.2,,
2023-03-15,,,,8639300.0
2023-03-20,,21031.2,,
2023-03-22,,,,8733787.0
2023-03-27,,20905.2,,
2023-03-29,,,,8705942.0
2023-04-01,20758.4,,6854.5,
2023-04-03,,20969.6,,
2023-04-05,,,,8632384.0
2023-04-10,,21062.6,,
2023-04-12,,,,8614797.0
2023-04-17,,20983.1,,
2023-04-19,,,,8593263.0
2023-04-24,,20699.2,,
2023-04-26,,,,8562768.0
2023-05-01,20829.5,20661.3,6866.9,
2023-05-03,,,,8503994.0
2023-05-08,,20726.0,,
2023-05-10,,,,8503017.0
2023-05-15,,20721.2,,
2023-05-17,,,,8456760.0
2023-05-22,,20702.0,,
2023-05-24,,,,8436255.0
2023-05-29,,20761.6,,
2023-05-31,,,,8385854.0
2023-06-01,20798.9,,6841.4,
2023-06-05,,20863.2,,
2023-06-07,,,,8389325.0
2023-06-12,,20789.8,,
2023-06-14,,,,8388323.0
2023-06-19,,20759.4,,
2023-06-21,,,,8362060.0
2023-06-26,,20688.3,,
2023-06-28,,,,8340914.0
2023-07-01,20792.2,,6825.9,
2023-07-03,,20788.4,,
2023-07-05,,,,8298312.0
2023-07-10,,20799.0,,
2023-07-12,,,,8296923.0
2023-07-17,,20790.7,,
2023-07-19,,,,8274552.0
2023-07-24,,20678.3,,
2023-07-26,,,,8243344.0
2023-07-31,,20721.1,,
2023-08-01,20782.0,,6789.7,
2023-08-02,,,,8206764.0
2023-08-07,,20776.1,,
2023-08-09,,,,8208241.0
2023-08-14,,20756.2,,
2023-08-16,,,,8145727.0
2023-08-21,,20695.7,,
2023-08-23,,,,8139066.0
2023-08-28,,20668.4,,
2023-08-30,,,,8121316.0
2023-09-01,20753.6,,6754.1,
2023-09-04,,20753.8,,
2023-09-06,,,,8101318.0
2023-09-11,,20753.8,,
2023-09-13,,,,8098779.0
2023-09-18,,20724.7,,
2023-09-20,,,,8024090.0
2023-09-25,,20620.1,,
2023-09-27,,,,8002064.0
2023-10-01,20737.5,,6739.6,
2023-10-02,,20719.0,,
2023-10-04,,,,7955782.0
2023-10-09,,20714.9,,
2023-10-11,,,,7952054.0
2023-10-16,,20765.4,,
2023-10-18,,,,7933162.0
2023-10-23,,20604.1,,
2023-10-25,,,,7907830.0
2023-10-30,,20599.4,,
2023-11-01,20749.7,,6733.7,7866664.0
2023-11-06,,20713.6,,
2023-11-08,,,,7860691.0
2023-11-13,,20714.7,,
2023-11-15,,,,7814991.0
2023-11-20,,20765.9,,
2023-11-22,,,,7810814.0
2023-11-27,,20756.1,,
2023-11-29,,,,7796145.0
2023-12-01,20779.9,,6730.5,
2023-12-04,,20858.4,,
2023-12-06,,,,7737385.0
2023-12-11,,20851.8,,
2023-12-13,,,,7739566.0
2023-12-18,,20924.9,,
2023-12-20,,,,7724063.0
2023-12-25,,20950.5,,
2023-12-27,,,,7712781.0
2024-01-01,20835.5,20933.2,6727.7,
2024-01-03,,,,7681024.0
2024-01-08,,20959.5,,
2024-01-10,,,,7686710.0
2024-01-15,,20945.1,,
2024-01-17,,,,7673741.0
2024-01-22,,20815.3,,
2024-01-24,,,,7677230.0
2024-01-29,,20762.2,,
2024-01-31,,,,7630124.0
2024-02-01,20921.7,,6727.9,
2024-02-05,,20889.0,,
2024-02-07,,,,7631300.0
2024-02-12,,20810.6,,
2024-02-14,,,,7633874.0
2024-02-19,,20822.3,,
2024-02-21,,,,7581683.0
2024-02-26,,20811.6,,
2024-02-28,,,,7567807.0
2024-03-01,20965.9,,6712.4,
2024-03-04,,20978.8,,
2024-03-06,,,,7538857.0
2024-03-11,,21030.2,,
2024-03-13,,,,7541969.0
2024-03-18,,21108.8,,
2024-03-20,,,,7514348.0
2024-03-25,,21062.3,,
2024-03-27,,,,7484739.0
2024-04-01,20955.5,21237.9,6694.6,
2024-04-03,,,,7439558.0
2024-04-08,,21219.9,,
2024-04-10,,,,7438176.0
2024-04-15,,21221.1,,
2024-04-17,,,,7405506.0
2024-04-22,,20956.0,,
2024-04-24,,,,7402434.0
2024-04-29,,20872.9,,
2024-05-01,21021.7,,6712.4,7362474.0
2024-05-06,,20957.2,,
2024-05-08,,,,7353408.0
2024-05-13,,20910.9,,
2024-05-15,,,,7304272.0
2024-05-20,,20940.7,,
2024-05-22,,,,7299566.0
2024-05-27,,20888.8,,
2024-05-29,,,,7284319.0
2024-06-01,21070.7,,6730.9,
2024-06-03,,21034.8,,
2024-06-05,,,,7255687.0
2024-06-10,,21066.1,,
2024-06-12,,,,7258974.0
2024-06-17,,21083.1,,
2024-06-19,,,,7252542.0
2024-06-24,,20988.6,,
2024-06-26,,,,7231163.0
2024-07-01,21098.8,21029.1,6728.6,
2024-07-03,,,,7221520.0
2024-07-08,,21097.3,,
2024-07-10,,,,7224079.0
2024-07-15,,21083.1,,
2024-07-17,,,,7208247.0
2024-07-22,,21016.4,,
2024-07-24,,,,7205455.0
2024-07-29,,20986.7,,
2024-07-31,,,,7178391.0
2024-08-01,21191.9,,6747.7,
2024-08-05,,21152.7,,
2024-08-07,,,,7175256.0
2024-08-12,,21131.7,,
2024-08-14,,,,7177688.0
2024-08-19,,21145.6,,
2024-08-21,,,,7139952.0
2024-08-26,,21090.0,,
2024-08-28,,,,7123238.0
2024-09-01,21275.5,,6759.9,
2024-09-02,,21190.5,,
2024-09-04,,,,7112567.0
2024-09-09,,21277.0,,
2024-09-11,,,,7115001.0
2024-09-16,,21254.8,,
2024-09-18,,,,7109137.0
2024-09-23,,21152.7,,
2024-09-25,,,,7080059.0
2024-09-30,,21199.3,,
2024-10-01,21336.7,,6760.0,
2024-10-02,,,,7046925.0
2024-10-07,,21285.2,,
2024-10-09,,,,7046840.0
2024-10-14,,21257.0,,
2024-10-16,,,,7039284.0
2024-10-21,,21254.1,,
2024-10-23,,,,7029408.0
2024-10-28,,21222.8,,
2024-10-30,,,,7013490.0
2024-11-01,21454.8,,6778.2,
2024-11-04,,21395.6,,
2024-11-06,,,,6994299.0
2024-11-11,,21438.1,,
2024-11-13,,,,6967108.0
2024-11-18,,21478.7,,
2024-11-20,,,,6923731.0
2024-11-25,,21406.5,,
2024-11-27,,,,6905140.0
2024-12-01,21487.6,,6765.5,
2024-12-02,,21533.5,,
2024-12-04,,,,6895827.0
2024-12-09,,21573.2,,
2024-12-11,,,,6897485.0
2024-12-16,,21611.1,,
2024-12-18,,,,6889332.0
2024-12-23,,21644.9,,
2024-12-25,,,,6885963.0
2024-12-30,,21661.2,,
2025-01-01,21539.3,,6753.0,6852491.0
2025-01-06,,21670.4,,
2025-01-08,,,,6853554.0
2025-01-13,,21663.5,,
2025-01-15,,,,6834070.0
2025-01-20,,21584.5,,
2025-01-22,,,,6831760.0
2025-01-27,,21477.7,,
2025-01-29,,,,6818186.0
2025-02-01,21607.3,,6759.1,
2025-02-03,,21503.7,,
2025-02-05,,,,6810935.0
2025-02-10,,21497.8,,
2025-02-12,,,,6813513.0
2025-02-17,,21524.2,,
2025-02-19,,,,6782332.0
2025-02-24,,21520.3,,
2025-02-26,,,,6766101.0
2025-03-01,21684.1,,6780.8,
2025-03-03,,21645.4,,
2025-03-05,,,,6756764.0
2025-03-10,,21748.2,,
2025-03-12,,,,6759571.0
2025-03-17,,21863.9,,
2025-03-19,,,,6755982.0
2025-03-24,,21825.9,,
2025-03-26,,,,6740253.0
2025-03-31,,21912.7,,
2025-04-01,21770.8,,6797.0,
2025-04-02,,,,6723452.0
2025-04-07,,22016.3,,
2025-04-09,,,,6727416.0
2025-04-14,,22045.6,,
2025-04-16,,,,6727113.0
2025-04-21,,21863.1,,
2025-04-23,,,,6726930.0
2025-04-28,,21703.5,,
2025-04-30,,,,6709277.0
2025-05-01,21836.1,,6810.6,
2025-05-05,,21751.5,,
2025-05-07,,,,6710889.0
2025-05-12,,21739.0,,
2025-05-14,,,,6713270.0
2025-05-19,,21761.7,,
2025-05-21,,,,6688726.0
2025-05-26,,21698.9,,
2025-05-28,,,,6673244.0
2025-06-01,21942.6,,6826.5,
2025-06-02,,21841.9,,
2025-06-04,,,,6672885.0
2025-06-09,,21898.6,,
2025-06-11,,,,6677155.0
2025-06-16,,21945.2,,
2025-06-18,,,,6681056.0
2025-06-23,,21857.5,,
2025-06-25,,,,6662200.0
2025-06-30,,21949.2,,
2025-07-01,22025.5,,6836.6,
2025-07-02,,,,6659598.0
2025-07-07,,22023.2,,
2025-07-09,,,,6661912.0
2025-07-14,,21984.1,,
2025-07-16,,,,6659273.0
2025-07-21,,21939.3,,
2025-07-23,,,,6657715.0
2025-07-28,,21884.0,,
2025-07-30,,,,6642578.0
2025-08-01,22092.6,,6833.7,
2025-08-04,,22039.5,,
2025-08-06,,,,6640843.0
2025-08-11,,22028.7,,
2025-08-13,,,,6643615.0
2025-08-18,,22071.3,,
2025-08-20,,,,6618415.0
2025-08-25,,21972.2,,
2025-08-27,,,,6603384.0
2025-09-01,22176.1,22060.5,6839.3,
2025-09-03,,,,6602071.0
2025-09-08,,22139.8,,
2025-09-10,,,,6605962.0
2025-09-15,,22177.6,,
2025-09-17,,,,6608597.0
2025-09-22,,22058.8,,
2025-09-24,,,,6608395.0
2025-09-29,,22063.8,,
2025-10-01,22249.8,,,6587119.0
2025-10-06,,22208.1,,
2025-10-08,,,,6590815.0
2025-10-13,,22179.4,,
2025-10-15,,,,6596454.0
2025-10-20,,22201.9,,
2025-10-22,,,,6589533.0
2025-10-27,,22088.6,,
2025-10-29,,,,6587034.0
2025-11-01,22279.8,,6854.0,
2025-11-03,,22252.8,,
2025-11-05,,,,6572732.0
2025-11-10,,22219.6,,
2025-11-12,,,,6580462.0
2025-11-17,,22273.8,,
2025-11-19,,,,6555283.0
2025-11-24,,22242.6,,
2025-11-26,,,,6552419.0
2025-12-01,22355.3,22360.5,6856.8,
2025-12-03,,,,6535781.0
2025-12-08,,22386.9,,
2025-12-10,,,,6539303.0
2025-12-15,,22468.8,,
2025-12-17,,,,6556861.0
2025-12-22,,22551.4,,
2025-12-24,,,,6581231.0
2025-12-29,,22596.5,,
2025-12-31,,,,6640618.0
2026-01-01,22413.4,,6862.9,
2026-01-05,,22605.9,,
2026-01-07,,,,6573602.0
2026-01-12,,22536.0,,
2026-01-14,,,,6581700.0
2026-01-19,,22438.8,,
2026-01-21,,,,6584580.0
2026-01-26,,22334.9,,
2026-01-28,,,,6587568.0
2026-02-01,22598.9,,6901.3,
2026-02-02,,22409.5,,
2026-02-04,,,,6605909.0
2026-02-09,,22458.2,,
2026-02-11,,,,6622382.0
2026-02-16,,22505.1,,
2026-02-18,,,,6613395.0
2026-02-23,,22514.8,,
2026-02-25,,,,6613797.0
2026-03-01,22640.4,,6854.6,
2026-03-02,,22626.8,,
2026-03-04,,,,6628894.0
2026-03-09,,22706.7,,
2026-03-11,,,,6646344.0
2026-03-16,,22814.5,,
2026-03-18,,,,6655939.0
2026-03-23,,22754.8,,
2026-03-25,,,,6657161.0
2026-03-30,,22845.5,,
2026-04-01,22756.7,,6846.0,6675344.0
2026-04-06,,23070.3,,
2026-04-08,,,,6693871.0
2026-04-13,,23043.3,,
2026-04-15,,,,6705696.0
2026-04-20,,22835.2,,
2026-04-22,,,,6707419.0
2026-04-27,,22671.6,,
2026-04-29,,,,6699950.0
2026-05-01,23013.9,,6890.8,
2026-05-04,,22836.3,,
2026-05-06,,,,6709505.0
2026-05-11,,22902.5,,
2026-05-13,,,,6728502.0
2026-05-18,,22975.0,,
2026-05-20,,,,6713643.0
2026-05-25,,22887.3,,
2026-05-27,,,,6704383.0
2026-06-01,23115.2,23022.8,6950.5,
2026-06-03,,,,6711495.0
2026-06-08,,23059.4,,
2026-06-10,,,,6725397.0
2026-06-15,,23159.7,,
2026-06-17,,,,6736424.0
2026-06-22,,23028.0,,
2026-06-24,,,,6735645.0
2026-06-29,,23076.0,,
2026-07-01,23218.0,,6976.3,6724564.0
2026-07-06,,23250.8,,
2026-07-08,,,,6735609.0
2026-07-13,,23166.6,,
2026-07-15,,,,6743028.0
2026-07-20,,23154.2,,
2026-07-22,,,,6747378.0
2026-07-27,,23043.3,,
2026-07-29,,,,6738190.0
2026-08-03,,23207.7,,
2026-08-05,,,,6748567.0
2026-08-12,,,,6759955.0
2026-08-19,,,,6745699.0
2026-08-26,,,,6730912.0
