fecha,valor
2018-10-27,2.742705130130629e-05
2018-10-28,2.7404429161924813e-05
2018-10-29,2.681239831463018e-05
2018-10-30,2.694353228339025e-05
2018-10-31,2.6230993098106935e-05
2018-11-01,2.6716491351406024e-05
2018-11-02,2.601888375976011e-05
2018-11-03,2.3727293803824157e-05
2018-11-04,2.387994733691004e-05
2018-11-05,2.3813151198031855e-05
2018-11-06,2.3606265922742154e-05
2018-11-07,2.384467252412276e-05
2018-11-08,2.3514366140114496e-05
2018-11-09,2.317575107497744e-05
2018-11-10,2.3380177879020412e-05
2018-11-11,2.3410446484503447e-05
2018-11-12,2.3323868130113013e-05
2018-11-13,2.3450977026094842e-05
2018-11-14,2.058063752190663e-05
2018-11-15,2.0396088012059584e-05
2018-11-16,2.005048956489785e-05
2018-11-17,1.981138434337617e-05
2018-11-18,1.993902444426209e-05
2018-11-19,1.697213059845616e-05
2018-11-20,1.5526877324339997e-05
2018-11-21,1.5429949267642262e-05
2018-11-22,1.4204208490854237e-05
2018-11-23,1.4158101100131993e-05
2018-11-24,1.2286195643852117e-05
2018-11-25,1.2824950639003836e-05
2018-11-26,1.2138354444658788e-05
2018-11-27,1.2428739569003634e-05
2018-11-28,1.3813073067371494e-05
2018-11-29,1.371576953254774e-05
2018-11-30,1.238276024762078e-05
2018-12-01,1.2092990720161039e-05
2018-12-02,1.1926513453056586e-05
2018-12-03,1.1148126969791164e-05
2018-12-04,1.077807280673886e-05
2018-12-05,1.0476337338317352e-05
2018-12-06,1.0076518524065456e-05
2018-12-07,9.665177537613706e-06
2018-12-08,9.530896070351092e-06
2018-12-09,9.790791716218261e-06
2018-12-10,9.448821333981324e-06
2018-12-11,9.257073822241756e-06
2018-12-12,9.639622838719224e-06
2018-12-13,9.274007695061788e-06
2018-12-14,9.135967702067858e-06
2018-12-15,8.915091535332365e-06
2018-12-16,8.948679425205725e-06
2018-12-17,9.797946154926574e-06
2018-12-18,1.0069429600707751e-05
2018-12-19,1.0110577086165216e-05
2018-12-20,1.0930310949432829e-05
2018-12-21,1.0207669284483782e-05
2018-12-22,1.033328795242116e-05
2018-12-23,1.0237787271675367e-05
2018-12-24,1.0477701163496533e-05
2018-12-25,9.8390761478702e-06
2018-12-26,9.91604055840456e-06
2018-12-27,9.405916131619514e-06
2018-12-28,1.0018945185081738e-05
2018-12-29,9.60275410992414e-06
2018-12-30,9.772498754294874e-06
2018-12-31,9.408105641005433e-06
2019-01-01,9.714802462989948e-06
2019-01-02,9.68007625365248e-06
2019-01-03,9.09876915078607e-06
2019-01-04,9.083383918316921e-06
2019-01-05,6.00189079250542e-06
2019-01-06,6.386188285119351e-06
2019-01-07,6.2297805383839655e-06
2019-01-08,6.1182885298890895e-06
2019-01-09,6.054563814480527e-06
2019-01-10,5.3473182648545925e-06
2019-01-11,5.338283501853187e-06
2019-01-12,5.246263096512543e-06
2019-01-13,5.027794144239936e-06
2019-01-14,5.1862381226441885e-06
2019-01-15,5.06214891560683e-06
2019-01-16,5.120378902273583e-06
2019-01-17,5.504139657655528e-06
2019-01-18,5.46029209719267e-06
2019-01-19,5.510062256847734e-06
2019-01-20,5.256457947957422e-06
2019-01-21,5.249127532148579e-06
2019-01-22,5.3053418379133335e-06
2019-01-23,5.24564388150748e-06
2019-01-24,5.424181817156309e-06
2019-01-25,5.319778402478824e-06
2019-01-26,5.300570600411313e-06
2019-01-27,5.281931753652992e-06
2019-01-28,5.081926267557996e-06
2019-01-29,5.141569503299046e-06
2019-01-30,5.249374110619864e-06
2019-01-31,5.228055439827903e-06
2019-02-01,5.440862499254359e-06
2019-02-02,5.485477494482168e-06
2019-02-03,5.425244033746422e-06
2019-02-04,5.4165417765571e-06
2019-02-05,5.550793557681111e-06
2019-02-06,5.446687978426698e-06
2019-02-07,5.456035964059238e-06
2019-02-08,6.018198999621884e-06
2019-02-09,6.1770757907157295e-06
2019-02-10,6.225687901827954e-06
2019-02-11,6.134127694009889e-06
2019-02-12,6.12537536167287e-06
2019-02-13,6.119812205083685e-06
2019-02-14,6.263542005155865e-06
2019-02-15,6.266825336716373e-06
2019-02-16,6.294714395181464e-06
2019-02-17,6.380225703968625e-06
2019-02-18,6.816811835622875e-06
2019-02-19,6.867275944861457e-06
2019-02-20,6.932388374081111e-06
2019-02-21,6.8702671620098055e-06
2019-02-22,7.158176431125516e-06
2019-02-23,7.441104512415129e-06
2019-02-24,6.755327842750205e-06
2019-02-25,6.9344406426511395e-06
2019-02-26,6.903300009548232e-06
2019-02-27,6.881007476287709e-06
2019-02-28,6.857887412892253e-06
2019-03-01,6.9287112713149355e-06
2019-03-02,6.8745367757516495e-06
2019-03-03,6.794872603821981e-06
2019-03-04,6.6320589356660536e-06
2019-03-05,6.850572960599781e-06
2019-03-06,6.8678136970262e-06
2019-03-07,6.88760441103786e-06
2019-03-08,6.9987419452615346e-06
2019-03-09,7.052765549909366e-06
2019-03-10,7.01385810078973e-06
2019-03-11,6.925840279404905e-06
2019-03-12,6.925615827767609e-06
2019-03-13,6.886779285631289e-06
2019-03-14,6.90684009776548e-06
2019-03-15,6.979740153842833e-06
2019-03-16,7.150132947134881e-06
2019-03-17,7.10703967020325e-06
2019-03-18,7.1306181062973494e-06
2019-03-19,7.120925375306695e-06
2019-03-20,7.169680391390686e-06
2019-03-21,7.071151504607083e-06
2019-03-22,7.012222308749388e-06
2019-03-23,7.003829975726122e-06
2019-03-24,6.979671374619236e-06
2019-03-25,6.873807220400903e-06
2019-03-26,6.89263362639259e-06
2019-03-27,7.0861681497233555e-06
2019-03-28,7.058396461091929e-06
2019-03-29,7.23189879160983e-06
2019-03-30,7.246582873449623e-06
2019-03-31,7.251538451729302e-06
2019-04-01,7.323449821703284e-06
2019-04-02,8.652137327862021e-06
2019-04-03,8.740647673524508e-06
2019-04-04,8.623333268780533e-06
2019-04-05,8.859365713235983e-06
2019-04-06,8.838148761271756e-06
2019-04-07,9.096798785536838e-06
2019-04-08,9.26496284104913e-06
2019-04-09,9.110240052281402e-06
2019-04-10,9.189111134523469e-06
2019-04-11,7.143056656628769e-06
2019-04-12,7.155048579923533e-06
2019-04-13,6.9482804877807815e-06
2019-04-14,7.129990453152814e-06
2019-04-15,6.919111468886774e-06
2019-04-16,6.979983310685661e-06
2019-04-17,6.96059504594571e-06
2019-04-18,6.556106707326731e-06
2019-04-19,6.56845837293225e-06
2019-04-20,6.516882350017409e-06
2019-04-21,6.531454469173112e-06
2019-04-22,6.542285903041028e-06
2019-04-23,6.7419613192017835e-06
2019-04-24,6.14778956635452e-06
2019-04-25,5.476428680797552e-06
2019-04-26,5.189880949586079e-06
2019-04-27,5.145318734185036e-06
2019-04-28,4.948031380504024e-06
2019-04-29,4.9261097457991386e-06
2019-04-30,4.94734931610351e-06
2019-05-01,4.9501204501976514e-06
2019-05-02,4.971122330353144e-06
2019-05-03,5.168113846231299e-06
2019-05-04,5.2003013380966714e-06
2019-05-05,5.12110985009267e-06
2019-05-06,5.084705629809584e-06
2019-05-07,5.114883790786318e-06
2019-05-08,5.2640297805314996e-06
2019-05-09,5.410276304490185e-06
2019-05-10,5.877876389659947e-06
2019-05-11,6.611269757512567e-06
2019-05-12,6.3845122106479375e-06
2019-05-13,7.13352848630317e-06
2019-05-14,7.151959739420917e-06
2019-05-15,7.366001334352763e-06
2019-05-16,7.0069540301862815e-06
2019-05-17,6.4997833392291815e-06
2019-05-18,6.40190757467489e-06
2019-05-19,7.209774603032272e-06
2019-05-20,7.011269561981259e-06
2019-05-21,6.848553324292593e-06
2019-05-22,6.423440420517947e-06
2019-05-23,6.5524370792085536e-06
2019-05-24,6.5601073346676625e-06
2019-05-25,6.4000095890946e-06
2019-05-26,6.82570284015386e-06
2019-05-27,6.803794821637038e-06
2019-05-28,6.730670131182937e-06
2019-05-29,6.630877126429616e-06
2019-05-30,6.2220623658218505e-06
2019-05-31,6.563564065663194e-06
2019-06-01,6.4989308578294335e-06
2019-06-02,6.616477578424096e-06
2019-06-03,6.1393203958600554e-06
2019-06-04,5.768730595330141e-06
2019-06-05,5.810261665635666e-06
2019-06-06,5.700931690032625e-06
2019-06-07,5.714806941615163e-06
2019-06-08,5.608440588863757e-06
2019-06-09,5.3968467807024025e-06
2019-06-10,5.663204218819766e-06
2019-06-11,5.440331890266711e-06
2019-06-12,5.496739483293151e-06
2019-06-13,5.374894342596891e-06
2019-06-14,5.5995448922012094e-06
2019-06-15,5.62592361351223e-06
2019-06-16,5.660325531208003e-06
2019-06-17,5.807362457432225e-06
2019-06-18,5.572191535147121e-06
2019-06-19,5.673537694451299e-06
2019-06-20,5.8423046084178944e-06
2019-06-21,6.204166668813701e-06
2019-06-22,6.420710898692088e-06
2019-06-23,6.518435456314256e-06
2019-06-24,6.579976267955758e-06
2019-06-25,7.0498515220701675e-06
2019-06-26,7.668097230481057e-06
2019-06-27,6.617262451883077e-06
2019-06-28,7.244996459634089e-06
2019-06-29,6.827507513068174e-06
2019-06-30,6.090053528305347e-06
2019-07-01,5.987247904551111e-06
2019-07-02,6.0600262542863e-06
2019-07-03,6.624503509309123e-06
2019-07-04,5.9803057594893025e-06
2019-07-05,5.7892947418602484e-06
2019-07-06,5.763194266953187e-06
2019-07-07,5.82819367006123e-06
2019-07-08,6.212038533508404e-06
2019-07-09,6.1765577255454716e-06
2019-07-10,5.8466443937153935e-06
2019-07-11,5.477116647051694e-06
2019-07-12,5.5864343929355596e-06
2019-07-13,5.156910483023505e-06
2019-07-14,4.6032811779319525e-06
2019-07-15,4.889113059303855e-06
2019-07-16,4.189772189578219e-06
2019-07-17,4.248042763902325e-06
2019-07-18,4.571094117867187e-06
2019-07-19,4.4553267129172925e-06
2019-07-20,4.6262668362549515e-06
2019-07-21,4.559260432029969e-06
2019-07-22,4.4269204314371165e-06
2019-07-23,4.210360156631818e-06
2019-07-24,4.1794597047211485e-06
2019-07-25,4.193165221464194e-06
2019-07-26,4.166001168568968e-06
2019-07-27,4.012201185828529e-06
2019-07-28,4.018191409989047e-06
2019-07-29,3.992974488679816e-06
2019-07-30,3.986989466789849e-06
2019-07-31,4.1834781840749255e-06
2019-08-01,4.300779765701444e-06
2019-08-02,4.355554585918117e-06
2019-08-03,4.506299176012799e-06
2019-08-04,4.558163543100744e-06
2019-08-05,4.879185957574136e-06
2019-08-06,4.592011318424729e-06
2019-08-07,4.793588038672292e-06
2019-08-08,4.814181565559955e-06
2019-08-09,4.779684133656001e-06
2019-08-10,4.587481393378611e-06
2019-08-11,4.683532361883518e-06
2019-08-12,4.614856100124572e-06
2019-08-13,4.413271906554514e-06
2019-08-14,4.1000927822510294e-06
2019-08-15,4.211421193218387e-06
2019-08-16,4.248570147256752e-06
2019-08-17,4.175826495560531e-06
2019-08-18,4.220418788460002e-06
2019-08-19,4.467693873493131e-06
2019-08-20,4.397662590947608e-06
2019-08-21,4.146076174147633e-06
2019-08-22,4.099185895594791e-06
2019-08-23,4.213098216141261e-06
2019-08-24,4.098160002794584e-06
2019-08-25,4.094883779189757e-06
2019-08-26,4.182302310280453e-06
2019-08-27,4.109700470734956e-06
2019-08-28,3.936377757944989e-06
2019-08-29,3.838017931000574e-06
2019-08-30,3.828681396012354e-06
2019-08-31,3.820136937129989e-06
2019-09-01,3.8903525781319616e-06
2019-09-02,4.1381252860913735e-06
2019-09-03,4.222392349322415e-06
2019-09-04,4.166252224415994e-06
2019-09-05,4.173493612708848e-06
2019-09-06,4.0063307352814185e-06
2019-09-07,4.030403936425517e-06
2019-09-08,3.994088077728082e-06
2019-09-09,3.963158124951929e-06
2019-09-10,3.8885022646314045e-06
2019-09-11,3.898174303248168e-06
2019-09-12,4.00185820107122e-06
2019-09-13,3.561545811820818e-06
2019-09-14,3.5493589809255966e-06
2019-09-15,3.529361876325505e-06
2019-09-16,3.5177971634301394e-06
2019-09-17,3.5054749798880337e-06
2019-09-18,3.506468520664168e-06
2019-09-19,3.5680489218175667e-06
2019-09-20,3.5339056570036785e-06
2019-09-21,3.4818719207622795e-06
2019-09-22,3.4945331439283708e-06
2019-09-23,3.3741773658603345e-06
2019-09-24,2.9687937902622194e-06
2019-09-25,2.9119183990301814e-06
2019-09-26,2.7505335841984997e-06
2019-09-27,2.798515900095293e-06
2019-09-28,2.7979131387318453e-06
2019-09-29,2.7334992779392164e-06
2019-09-30,2.8138992181001297e-06
2019-10-01,2.8086084673130807e-06
2019-10-02,2.803417540955384e-06
2019-10-03,2.7321119962811827e-06
2019-10-04,2.6748311621251004e-06
2019-10-05,2.668628094790547e-06
2019-10-06,2.572996549484165e-06
2019-10-07,2.6687608782180677e-06
2019-10-08,2.6560150482669213e-06
2019-10-09,2.7890610679286874e-06
2019-10-10,2.7837151930418202e-06
2019-10-11,2.672254355357057e-06
2019-10-12,2.6709430929246057e-06
2019-10-13,2.66440147292852e-06
2019-10-14,2.6880727279192705e-06
2019-10-15,2.624405885211074e-06
2019-10-16,2.5709962000040867e-06
2019-10-17,2.5962795133070276e-06
2019-10-18,2.543255986138808e-06
2019-10-19,2.5355468273525553e-06
2019-10-20,2.6161280870013783e-06
2019-10-21,2.584240325920181e-06
2019-10-22,2.5200386307331055e-06
2019-10-23,2.343827639621943e-06
2019-10-24,2.268840068773898e-06
2019-10-25,2.5648962876168377e-06
2019-10-26,2.7847261208504953e-06
2019-10-27,2.87120451364809e-06
2019-10-28,2.7706202296201583e-06
2019-10-29,2.8381623150011854e-06
2019-10-30,2.51178490512205e-06
2019-10-31,2.5023279204171097e-06
2019-11-01,2.5511461216277792e-06
2019-11-02,2.567229635613872e-06
2019-11-03,2.5301797168213078e-06
2019-11-04,2.5858418662143048e-06
2019-11-05,2.5689543652451413e-06
2019-11-06,2.5605705720152577e-06
2019-11-07,2.5301273778328856e-06
2019-11-08,2.4141345254261775e-06
2019-11-09,2.435348824834511e-06
2019-11-10,2.4941751652130248e-06
2019-11-11,2.4105055543837814e-06
2019-11-12,2.4371250320318684e-06
2019-11-13,2.424926481602767e-06
2019-11-14,2.392983798875731e-06
2019-11-15,2.3510261146228116e-06
2019-11-16,2.3606911801994626e-06
2019-11-17,2.362841300797136e-06
2019-11-18,2.2719422030783337e-06
2019-11-19,2.2630332209419303e-06
2019-11-20,2.2533367681923274e-06
2019-11-21,2.1237207290860317e-06
2019-11-22,2.0179597512167343e-06
2019-11-23,2.0165768551755576e-06
2019-11-24,1.9173503814364112e-06
2019-11-25,1.9731956557818093e-06
2019-11-26,1.960974128838862e-06
2019-11-27,2.061922063836953e-06
2019-11-28,2.027922672980139e-06
2019-11-29,2.118185276996249e-06
2019-11-30,2.0570166173296144e-06
2019-12-01,2.0182493526951734e-06
2019-12-02,1.989827705054104e-06
2019-12-03,1.9755137441483767e-06
2019-12-04,1.953597262302864e-06
2019-12-05,1.991357912131591e-06
2019-12-06,2.0347709825529816e-06
2019-12-07,2.019430420019459e-06
2019-12-08,2.020890423020225e-06
2019-12-09,1.9716255559058047e-06
2019-12-10,1.9199062427351285e-06
2019-12-11,1.797567152969035e-06
2019-12-12,1.8036253074926204e-06
2019-12-13,1.8187257315671746e-06
2019-12-14,1.7717958113586207e-06
2019-12-15,1.7857719918902668e-06
2019-12-16,1.7267652700563416e-06
2019-12-17,1.6561130541079387e-06
2019-12-18,1.8237426225258485e-06
2019-12-19,1.7749148900335638e-06
2019-12-20,1.7657757691944531e-06
2019-12-21,1.742858492240209e-06
2019-12-22,1.8342218826789097e-06
2019-12-23,1.786661493543848e-06
2019-12-24,1.7660547346954924e-06
2019-12-25,1.7546381864328477e-06
2019-12-26,1.7516106255007174e-06
2019-12-27,1.768769134700908e-06
2019-12-28,1.7797658300716986e-06
2019-12-29,1.8037114344347923e-06
2019-12-30,1.7624467934419698e-06
2019-12-31,1.7478130445270253e-06
2020-01-01,1.7510123757112376e-06
2020-01-02,1.6953619387775266e-06
2020-01-03,1.4140194900266632e-06
2020-01-04,1.4082380375160336e-06
2020-01-05,1.4094714489212858e-06
2020-01-06,1.4891216583420955e-06
2020-01-07,1.5636509866481706e-06
2020-01-08,1.548743356180047e-06
2020-01-09,1.5116676028958846e-06
2020-01-10,1.5883108509307629e-06
2020-01-11,1.5574195469196947e-06
2020-01-12,1.5970137891908264e-06
2020-01-13,1.5795339952069952e-06
2020-01-14,1.7227246914312564e-06
2020-01-15,1.727572371493235e-06
2020-01-16,1.701965847844846e-06
2020-01-17,1.7390149331105667e-06
2020-01-18,1.7465705925463197e-06
2020-01-19,1.7063575040974542e-06
2020-01-20,1.6908769770021275e-06
2020-01-21,1.7112053920932629e-06
2020-01-22,1.7000037976420134e-06
2020-01-23,1.611671595490318e-06
2020-01-24,1.6238675995890493e-06
2020-01-25,1.6026296944679908e-06
2020-01-26,1.65463190017791e-06
2020-01-27,1.712437796992345e-06
2020-01-28,1.8130519423638796e-06
2020-01-29,1.782267012830665e-06
2020-01-30,1.8279744125021468e-06
2020-01-31,1.794062556043719e-06
2020-02-01,1.8049190329954393e-06
2020-02-02,1.7952665723056477e-06
2020-02-03,1.785785784364671e-06
2020-02-04,1.7590385037697385e-06
2020-02-05,1.8521740025562054e-06
2020-02-06,1.8808385645189677e-06
2020-02-07,1.888014400854099e-06
2020-02-08,1.910677996449731e-06
2020-02-09,1.961503148831073e-06
2020-02-10,1.8889973485074404e-06
2020-02-11,1.9764560961747234e-06
2020-02-12,1.9925649761059166e-06
2020-02-13,1.9713259347436805e-06
2020-02-14,1.994209758501411e-06
2020-02-15,1.9053411890127896e-06
2020-02-16,1.9079780828516295e-06
2020-02-17,1.8632303160439596e-06
2020-02-18,1.9534639784361538e-06
2020-02-19,1.8454856416760164e-06
2020-02-20,1.848742814431307e-06
2020-02-21,1.8655566351774681e-06
2020-02-22,1.8578470545579809e-06
2020-02-23,1.9151875805782695e-06
2020-02-24,1.8516916901165417e-06
2020-02-25,1.7923998085229909e-06
2020-02-26,1.6918942418087803e-06
2020-02-27,1.7007360744448791e-06
2020-02-28,1.6713827484162389e-06
2020-02-29,1.6398979017051226e-06
2020-03-01,1.6414758769920884e-06
2020-03-02,1.7143547859311548e-06
2020-03-03,1.6826927184480305e-06
2020-03-04,1.6779052792094889e-06
2020-03-05,1.7382034230755102e-06
2020-03-06,1.7603176872096436e-06
2020-03-07,1.7055229120778111e-06
2020-03-08,1.5410280723839767e-06
2020-03-09,1.5309522872541373e-06
2020-03-10,1.5111223607683457e-06
2020-03-11,1.5200694569806416e-06
2020-03-12,9.228156677757318e-07
2020-03-13,1.0665370262168666e-06
2020-03-14,9.646120551369807e-07
2020-03-15,1.0276916201991171e-06
2020-03-16,9.564772096892257e-07
2020-03-17,1.007581811357682e-06
2020-03-18,1.0195965744275069e-06
2020-03-19,1.1810228413248703e-06
2020-03-20,1.1655451962596882e-06
2020-03-21,1.1529897328352901e-06
2020-03-22,1.0923123272990702e-06
2020-03-23,1.2141093451454553e-06
2020-03-24,1.2614496914479414e-06
2020-03-25,1.2428526893490303e-06
2020-03-26,1.2496055273623896e-06
2020-03-27,1.1818057849636633e-06
2020-03-28,1.1637033789919424e-06
2020-03-29,1.0905847302432408e-06
2020-03-30,1.1887058952124124e-06
2020-03-31,1.1924772311075746e-06
2020-04-01,1.2388849153503298e-06
2020-04-02,1.2617201364122769e-06
2020-04-03,9.107821200179516e-07
2020-04-04,9.241111216013669e-07
2020-04-05,9.107174676057365e-07
2020-04-06,9.862828140945563e-07
2020-04-07,9.690217502808555e-07
2020-04-08,9.908608764724293e-07
2020-04-09,9.782320940918825e-07
2020-04-10,9.210159111964291e-07
2020-04-11,9.210241812981466e-07
2020-04-12,9.245509141391836e-07
2020-04-13,9.17068495247804e-07
2020-04-14,9.202498236315581e-07
2020-04-15,8.82486806393267e-07
2020-04-16,9.505730989584308e-07
2020-04-17,9.11633639665337e-07
2020-04-18,9.446615723537188e-07
2020-04-19,9.274139896876733e-07
2020-04-20,8.879740771081011e-07
2020-04-21,8.890925987483776e-07
2020-04-22,9.282203277271705e-07
2020-04-23,8.840651284297078e-07
2020-04-24,8.905043211684426e-07
2020-04-25,8.936433984942266e-07
2020-04-26,9.085757127722129e-07
2020-04-27,9.1638302160017e-07
2020-04-28,9.133441268451624e-07
2020-04-29,1.0375589002589386e-06
2020-04-30,9.462541985637332e-07
2020-05-01,9.694976302435062e-07
2020-05-02,9.789171198746448e-07
2020-05-03,9.693424736501876e-07
2020-05-04,9.62950137797569e-07
2020-05-05,9.819779971542055e-07
2020-05-06,9.85995770342332e-07
2020-05-07,1.06893651407445e-06
2020-05-08,1.0296415812324392e-06
2020-05-09,9.950395525777952e-07
2020-05-10,8.949372732505162e-07
2020-05-11,8.641956338492154e-07
2020-05-12,8.885748941093371e-07
2020-05-13,9.236787353219725e-07
2020-05-14,9.691882903761125e-07
2020-05-15,9.094319756985675e-07
2020-05-16,9.12576571635634e-07
2020-05-17,9.375542716947985e-07
2020-05-18,9.346231917141782e-07
2020-05-19,9.434340137567163e-07
2020-05-20,9.199965668952502e-07
2020-05-21,8.735593469169699e-07
2020-05-22,8.859340587770972e-07
2020-05-23,8.889796931098378e-07
2020-05-24,8.434697566764541e-07
2020-05-25,8.553207716270294e-07
2020-05-26,8.458610681469132e-07
2020-05-27,8.819768675245085e-07
2020-05-28,9.146784619038108e-07
2020-05-29,8.98262045996509e-07
2020-05-30,9.256583449424128e-07
2020-05-31,8.952980283533111e-07
2020-06-01,9.699947375567652e-07
2020-06-02,9.026779736460284e-07
2020-06-03,9.090054998854126e-07
2020-06-04,9.184830300987111e-07
2020-06-05,8.987603250762036e-07
2020-06-06,9.034255959988912e-07
2020-06-07,9.095994111557821e-07
2020-06-08,9.104647909253796e-07
2020-06-09,9.069479073285997e-07
2020-06-10,9.173776766530281e-07
2020-06-11,8.540825752191943e-07
2020-06-12,8.712574869887541e-07
2020-06-13,8.671944679167459e-07
2020-06-14,8.535520123856915e-07
2020-06-15,8.626185051262043e-07
2020-06-16,8.705085658384037e-07
2020-06-17,8.60119652443773e-07
2020-06-18,8.501014252109564e-07
2020-06-19,8.396792291816295e-07
2020-06-20,8.372192604213013e-07
2020-06-21,8.272317170516273e-07
2020-06-22,8.612262024812241e-07
2020-06-23,8.521507249271794e-07
2020-06-24,8.255874338277732e-07
2020-06-25,8.207372208937876e-07
2020-06-26,8.146646618832512e-07
2020-06-27,7.988978382616185e-07
2020-06-28,8.054983207723013e-07
2020-06-29,8.113177228105925e-07
2020-06-30,8.079132780825905e-07
2020-07-01,8.151433439631884e-07
2020-07-02,8.000456178357954e-07
2020-07-03,7.969699003683148e-07
2020-07-04,8.001197196067905e-07
2020-07-05,7.901623437320442e-07
2020-07-06,8.126606413816964e-07
2020-07-07,8.035297475889842e-07
2020-07-08,8.170878437686345e-07
2020-07-09,7.972006541558768e-07
2020-07-10,7.983106265223013e-07
2020-07-11,7.925401858139054e-07
2020-07-12,7.951712893060115e-07
2020-07-13,7.894418738865864e-07
2020-07-14,7.898629463860613e-07
2020-07-15,7.851938097910796e-07
2020-07-16,7.792264743706686e-07
2020-07-17,7.801427353732451e-07
2020-07-18,7.809380195560602e-07
2020-07-19,7.811831522748131e-07
2020-07-20,7.718380368165344e-07
2020-07-21,7.93243682140386e-07
2020-07-22,8.03189372195223e-07
2020-07-23,8.020053752963415e-07
2020-07-24,7.892162650597104e-07
2020-07-25,7.93335203161786e-07
2020-07-26,8.113239956369844e-07
2020-07-27,8.958534671132376e-07
2020-07-28,8.933779229236951e-07
2020-07-29,8.855146252399062e-07
2020-07-30,8.732996156946494e-07
2020-07-31,8.861839071874328e-07
2020-08-01,9.183306645173654e-07
2020-08-02,8.488346239747233e-07
2020-08-03,8.522816883196214e-07
2020-08-04,8.463355168690409e-07
2020-08-05,8.846770161269815e-07
2020-08-06,8.807808585252684e-07
2020-08-07,8.621119573818155e-07
2020-08-08,8.633857367679978e-07
2020-08-09,8.477715232333449e-07
2020-08-10,8.586557861979189e-07
2020-08-11,8.200034651491859e-07
2020-08-12,8.231678925506138e-07
2020-08-13,8.347243637748043e-07
2020-08-14,8.259993404323986e-07
2020-08-15,8.125322392708555e-07
2020-08-16,8.174013243046802e-07
2020-08-17,8.403652288052847e-07
2020-08-18,8.075774042705454e-07
2020-08-19,7.803223049120428e-07
2020-08-20,7.864124179431888e-07
2020-08-21,7.5843589139134e-07
2020-08-22,7.603963895877866e-07
2020-08-23,7.537003859332578e-07
2020-08-24,7.580964913136844e-07
2020-08-25,7.29160273084677e-07
2020-08-26,7.368494854337639e-07
2020-08-27,7.271982879814475e-07
2020-08-28,7.321019375207443e-07
2020-08-29,7.229933039999833e-07
2020-08-30,7.281699617393453e-07
2020-08-31,7.230302673078724e-07
2020-09-01,7.76067924244942e-07
2020-09-02,7.288238190057633e-07
2020-09-03,6.380319378175118e-07
2020-09-04,6.530349247599653e-07
2020-09-05,6.27940382121358e-07
2020-09-06,6.311594757331056e-07
2020-09-07,6.362165952079149e-07
2020-09-08,6.08599141489815e-07
2020-09-09,6.154294629057489e-07
2020-09-10,6.128830631742789e-07
2020-09-11,6.123417307562858e-07
2020-09-12,6.119238258772654e-07
2020-09-13,5.995421877874948e-07
2020-09-14,6.112018246975459e-07
2020-09-15,6.454421905726861e-07
2020-09-16,6.167871405716923e-07
2020-09-17,6.072754093869087e-07
2020-09-18,5.988327151624353e-07
2020-09-19,6.026704150346998e-07
2020-09-20,5.850653620997787e-07
2020-09-21,5.55525426111271e-07
2020-09-22,5.599812856253185e-07
2020-09-23,5.432316244146132e-07
2020-09-24,5.674197982145533e-07
2020-09-25,5.623909619791463e-07
2020-09-26,5.637505682581311e-07
2020-09-27,5.640025909803979e-07
2020-09-28,5.577385902697394e-07
2020-09-29,5.681540190852846e-07
2020-09-30,5.648935545396372e-07
2020-10-01,5.563237056716362e-07
2020-10-02,5.497710977066795e-07
2020-10-03,5.460484466878325e-07
2020-10-04,5.50756562532103e-07
2020-10-05,5.565749111194169e-07
2020-10-06,5.464038795387718e-07
2020-10-07,5.48677310006131e-07
2020-10-08,5.611379160996125e-07
2020-10-09,5.598908619920361e-07
2020-10-10,5.70101891853597e-07
2020-10-11,5.722667353937366e-07
2020-10-12,5.798706979034081e-07
2020-10-13,5.736639103357795e-07
2020-10-14,5.747542595702007e-07
2020-10-15,5.793018962547511e-07
2020-10-16,5.700785617160937e-07
2020-10-17,5.729903175878044e-07
2020-10-18,5.808104828184527e-07
2020-10-19,5.919300629013854e-07
2020-10-20,5.958689771898183e-07
2020-10-21,6.296213647694326e-07
2020-10-22,6.354426038402317e-07
2020-10-23,6.30262008293676e-07
2020-10-24,6.398669602318683e-07
2020-10-25,6.346663773294591e-07
2020-10-26,6.348528587219518e-07
2020-10-27,6.604368006531341e-07
2020-10-28,6.414182008514177e-07
2020-10-29,6.46018008337687e-07
2020-10-30,6.493405871222878e-07
2020-10-31,6.567213782596138e-07
2020-11-01,6.527539076968255e-07
2020-11-02,6.427860542130368e-07
2020-11-03,6.658147351670436e-07
2020-11-04,6.672474910823535e-07
2020-11-05,7.36779160476969e-07
2020-11-06,7.265702022986354e-07
2020-11-07,6.876570263290591e-07
2020-11-08,7.166960127498062e-07
2020-11-09,7.098669692204025e-07
2020-11-10,7.110538358988422e-07
2020-11-11,7.237651833235753e-07
2020-11-12,7.442731823841845e-07
2020-11-13,7.40066509916121e-07
2020-11-14,7.282120303337574e-07
2020-11-15,7.217415680269616e-07
2020-11-16,7.554017160697886e-07
2020-11-17,7.93754474669003e-07
2020-11-18,8.008479676242875e-07
2020-11-19,8.021554153843626e-07
2020-11-20,8.342247027321296e-07
2020-11-21,8.212263042199965e-07
2020-11-22,8.065766445110999e-07
2020-11-23,8.020810450324548e-07
2020-11-24,8.301029843684644e-07
2020-11-25,8.039569177511458e-07
2020-11-26,7.36551043920003e-07
2020-11-27,7.369146374115267e-07
2020-11-28,7.624616552213251e-07
2020-11-29,7.769118593778036e-07
2020-11-30,8.407383196964797e-07
2020-12-01,7.86846605514434e-07
2020-12-02,7.995072790483628e-07
2020-12-03,8.076374653092501e-07
2020-12-04,7.71501284659974e-07
2020-12-05,7.84884661552348e-07
2020-12-06,7.927240012399155e-07
2020-12-07,7.8267503387685e-07
2020-12-08,7.497971051983983e-07
2020-12-09,7.599351160224426e-07
2020-12-10,7.471787152087032e-07
2020-12-11,7.338948784847047e-07
2020-12-12,7.63929454785426e-07
2020-12-13,7.74169638348281e-07
2020-12-14,7.770994114553878e-07
2020-12-15,7.813439744471172e-07
2020-12-16,8.512456096539144e-07
2020-12-17,9.042464159394256e-07
2020-12-18,9.159875786471253e-07
2020-12-19,9.348535507651354e-07
2020-12-20,9.151329920529331e-07
2020-12-21,8.876149476231118e-07
2020-12-22,9.261671614204073e-07
2020-12-23,9.015558612129085e-07
2020-12-24,9.111253314253251e-07
2020-12-25,9.377108980207472e-07
2020-12-26,1.0030990756531851e-06
2020-12-27,9.944264898389698e-07
2020-12-28,1.0226675514683039e-06
2020-12-29,1.025694766154526e-06
2020-12-30,1.080222615691308e-06
2020-12-31,1.0792096095463902e-06
2021-01-01,1.0818789281863832e-06
2021-01-02,1.1483091425227157e-06
2021-01-03,1.140309374874601e-06
2021-01-04,1.096886156219209e-06
2021-01-05,1.1722874177932836e-06
2021-01-06,1.2351911414996025e-06
2021-01-07,1.2794290928900718e-06
2021-01-08,1.3135900779322243e-06
2021-01-09,1.265349965641886e-06
2021-01-10,1.189866079491521e-06
2021-01-11,1.1080125284331916e-06
2021-01-12,1.0633924471423639e-06
2021-01-13,1.1583413795125844e-06
2021-01-14,1.2051311936330024e-06
2021-01-15,1.1325296200625441e-06
2021-01-16,1.104284375985381e-06
2021-01-17,1.0912372378854517e-06
2021-01-18,1.1166943248012245e-06
2021-01-19,1.0775097089166067e-06
2021-01-20,1.0634472627426787e-06
2021-01-21,9.184647116963779e-07
2021-01-22,9.818887996575421e-07
2021-01-23,9.488094611848163e-07
2021-01-24,9.527742278642828e-07
2021-01-25,9.477212142238232e-07
2021-01-26,9.568198558570686e-07
2021-01-27,8.849121319168482e-07
2021-01-28,9.547429160566468e-07
2021-01-29,9.59447686986797e-07
2021-01-30,9.48005044544893e-07
2021-01-31,9.134282755200101e-07
2021-02-01,9.108105158277796e-07
2021-02-02,9.669418474253267e-07
2021-02-03,1.0676169124969581e-06
2021-02-04,9.767085103261611e-07
2021-02-05,9.980834879003399e-07
2021-02-06,9.924557023809078e-07
2021-02-07,9.797831387854828e-07
2021-02-08,1.127413256725608e-06
2021-02-09,1.1179658506275599e-06
2021-02-10,1.0473968708775194e-06
2021-02-11,1.1114571160182596e-06
2021-02-12,1.0921387065282958e-06
2021-02-13,1.0600060770275018e-06
2021-02-14,1.0811803238705913e-06
2021-02-15,1.0641885419592146e-06
2021-02-16,1.080534198471775e-06
2021-02-17,1.1243772224973963e-06
2021-02-18,1.1077150988817972e-06
2021-02-19,1.1866315604436455e-06
2021-02-20,1.14578196075372e-06
2021-02-21,1.1669380046692746e-06
2021-02-22,1.0999730222776943e-06
2021-02-23,9.83797631509852e-07
2021-02-24,1.0011575531970568e-06
2021-02-25,9.371738986649659e-07
2021-02-26,9.259417357187241e-07
2021-02-27,9.085970045304922e-07
2021-02-28,8.973528467270997e-07
2021-03-01,9.592016155678247e-07
2021-03-02,9.296584850516874e-07
2021-03-03,9.381848970569276e-07
2021-03-04,9.106295056758306e-07
2021-03-05,9.103155824672982e-07
2021-03-06,9.108114223918462e-07
2021-03-07,9.438879113156685e-07
2021-03-08,9.710186972710766e-07
2021-03-09,1.022317604937643e-06
2021-03-10,1.0147531287842795e-06
2021-03-11,1.0444759391202996e-06
2021-03-12,1.02961531164664e-06
2021-03-13,1.0919671448341448e-06
2021-03-14,1.05111100721732e-06
2021-03-15,9.732768081884587e-07
2021-03-16,9.834217653966639e-07
2021-03-17,1.0154287127026562e-06
2021-03-18,9.88366390919775e-07
2021-03-19,9.888307345163886e-07
2021-03-20,9.856621019242328e-07
2021-03-21,9.55394962135114e-07
2021-03-22,8.97278301529822e-07
2021-03-23,8.98636194834723e-07
2021-03-24,8.66832039276159e-07
2021-03-25,8.513484180118374e-07
2021-03-26,9.108832839416535e-07
2021-03-27,9.003621001198445e-07
2021-03-28,8.974680654873491e-07
2021-03-29,9.195886908330437e-07
2021-03-30,9.438436766769376e-07
2021-03-31,9.399511304589735e-07
2021-04-01,9.231053796112443e-07
2021-04-02,9.254395994020296e-07
2021-04-03,8.628152826444756e-07
2021-04-04,8.75646829384749e-07
2021-04-05,8.832934483920889e-07
2021-04-06,8.52856901259248e-07
2021-04-07,8.216110650024798e-07
2021-04-08,8.480383426844476e-07
2021-04-09,8.409506905156761e-07
2021-04-10,8.616471101781538e-07
2021-04-11,8.615875010865988e-07
2021-04-12,8.475256875595224e-07
2021-04-13,9.024025458401323e-07
2021-04-14,8.624745292883413e-07
2021-04-15,8.612749010364418e-07
2021-04-16,8.297506002937234e-07
2021-04-17,7.881163246779169e-07
2021-04-18,7.332487154488784e-07
2021-04-19,6.980510708715165e-07
2021-04-20,7.062441584384482e-07
2021-04-21,6.651155011835834e-07
2021-04-22,6.362051228431993e-07
2021-04-23,6.27122380146749e-07
2021-04-24,6.130965579526823e-07
2021-04-25,6.013770546673123e-07
2021-04-26,6.559235259330739e-07
2021-04-27,6.65326307030913e-07
2021-04-28,6.626016174737481e-07
2021-04-29,6.405303303634009e-07
2021-04-30,6.933712322881215e-07
2021-05-01,6.831755607956424e-07
2021-05-02,6.649125102287274e-07
2021-05-03,6.623139188542028e-07
2021-05-04,6.160001652873291e-07
2021-05-05,6.481662628627504e-07
2021-05-06,6.322364004488173e-07
2021-05-07,6.386283339673062e-07
2021-05-08,6.552753255029142e-07
2021-05-09,6.454572864369995e-07
2021-05-10,6.096279656089654e-07
2021-05-11,6.08455178249373e-07
2021-05-12,5.244579177827268e-07
2021-05-13,5.275348928662197e-07
2021-05-14,5.321062894436239e-07
2021-05-15,4.949308935170177e-07
2021-05-16,4.920477143247049e-07
2021-05-17,4.5947483986382755e-07
2021-05-18,4.4436487570662426e-07
2021-05-19,3.829541731418125e-07
2021-05-20,4.282702619518828e-07
2021-05-21,3.860344673676394e-07
2021-05-22,3.79548509608779e-07
2021-05-23,3.487503289387923e-07
2021-05-24,3.8657850313575067e-07
2021-05-25,3.798211378461948e-07
2021-05-26,3.8705320365641675e-07
2021-05-27,3.7492648455145385e-07
2021-05-28,3.4377231355671467e-07
2021-05-29,3.3118336810917367e-07
2021-05-30,3.426610541245251e-07
2021-05-31,3.660819265823196e-07
2021-06-01,3.482972554254611e-07
2021-06-02,3.5465611457930247e-07
2021-06-03,3.696121189488987e-07
2021-06-04,3.4559761776638155e-07
2021-06-05,3.32277619197184e-07
2021-06-06,3.3393723627696957e-07
2021-06-07,3.118656440199013e-07
2021-06-08,3.118263964121633e-07
2021-06-09,3.4679033788322016e-07
2021-06-10,3.394421223499425e-07
2021-06-11,3.4683945404867785e-07
2021-06-12,3.307430585898992e-07
2021-06-13,3.620282914221178e-07
2021-06-14,3.757545067600436e-07
2021-06-15,3.7210966213826104e-07
2021-06-16,3.548205322493472e-07
2021-06-17,3.546580165553764e-07
2021-06-18,3.326710641734966e-07
2021-06-19,3.2904362883355445e-07
2021-06-20,3.288496209099912e-07
2021-06-21,2.914204658160479e-07
2021-06-22,3.0030948525685195e-07
2021-06-23,3.083207745664823e-07
2021-06-24,3.1691045412100787e-07
2021-06-25,2.886269248990224e-07
2021-06-26,2.943835172924173e-07
2021-06-27,3.1556526011084837e-07
2021-06-28,3.1318528642582354e-07
2021-06-29,3.2752018887414886e-07
2021-06-30,3.2096144211572326e-07
2021-07-01,3.0582013725423386e-07
2021-07-02,3.074851929476277e-07
2021-07-03,3.1338833402283365e-07
2021-07-04,3.188658143791173e-07
2021-07-05,3.059787730706528e-07
2021-07-06,3.0900098207305865e-07
2021-07-07,3.047732958599968e-07
2021-07-08,2.963068196442626e-07
2021-07-09,3.0331036395474417e-07
2021-07-10,3.006187764318288e-07
2021-07-11,3.069728278593846e-07
2021-07-12,2.9718493071748244e-07
2021-07-13,2.9290563002025793e-07
2021-07-14,2.9430135954359423e-07
2021-07-15,2.856681163225181e-07
2021-07-16,2.796243073086212e-07
2021-07-17,2.828781127633824e-07
2021-07-18,2.841399858973265e-07
2021-07-19,2.747333559075961e-07
2021-07-20,2.660325432828797e-07
2021-07-21,2.8677791386330326e-07
2021-07-22,2.8706222217807903e-07
2021-07-23,2.9968279461643767e-07
2021-07-24,3.043222128704823e-07
2021-07-25,3.136966046163849e-07
2021-07-26,3.2875898920060554e-07
2021-07-27,3.4855235324263046e-07
2021-07-28,3.516944319705998e-07
2021-07-29,3.529353704512697e-07
2021-07-30,3.7159222303433593e-07
2021-07-31,3.632212213969212e-07
2021-08-01,3.505464969169045e-07
2021-08-02,3.4474597411270056e-07
2021-08-03,3.355779184891562e-07
2021-08-04,3.4824315504320515e-07
2021-08-05,3.644072292097495e-07
2021-08-06,3.8002157802688656e-07
2021-08-07,3.938783257208416e-07
2021-08-08,3.829530310935171e-07
2021-08-09,4.040250508074434e-07
2021-08-10,3.977986861654446e-07
2021-08-11,3.9880804268386216e-07
2021-08-12,3.8867977608945456e-07
2021-08-13,4.1787877282721177e-07
2021-08-14,4.120773435971344e-07
2021-08-15,4.0761814741022303e-07
2021-08-16,3.9755800184394125e-07
2021-08-17,3.8733145791389773e-07
2021-08-18,3.87772899116948e-07
2021-08-19,4.0475521381755883e-07
2021-08-20,4.249235373180593e-07
2021-08-21,4.204415829380313e-07
2021-08-22,4.2400129360614675e-07
2021-08-23,4.2050502865333384e-07
2021-08-24,4.133583963350305e-07
2021-08-25,4.17229435525602e-07
2021-08-26,3.992895422359096e-07
2021-08-27,4.1858320841672345e-07
2021-08-28,4.1560605315100986e-07
2021-08-29,4.143147341801463e-07
2021-08-30,3.985386685087343e-07
2021-08-31,4.0012499028594515e-07
2021-09-01,4.130794033116782e-07
2021-09-02,4.162962159691408e-07
2021-09-03,4.1885018656320545e-07
2021-09-04,4.1762678418516913e-07
2021-09-05,4.3295272309484064e-07
2021-09-06,4.363284538041209e-07
2021-09-07,3.814155292558224e-07
2021-09-08,3.7348034963333673e-07
2021-09-09,3.7470843163341423e-07
2021-09-10,3.616098608055582e-07
2021-09-11,3.664140583524643e-07
2021-09-12,3.718605907296127e-07
2021-09-13,3.616418452331767e-07
2021-09-14,3.805322810531507e-07
2021-09-15,3.881005103430221e-07
2021-09-16,3.852480640913652e-07
2021-09-17,3.8079708996272854e-07
2021-09-18,3.8748515787233794e-07
2021-09-19,3.7933646936680223e-07
2021-09-20,3.4488038017739544e-07
2021-09-21,3.2782409335172805e-07
2021-09-22,3.52626604226758e-07
2021-09-23,3.596945275027083e-07
2021-09-24,3.414637522780783e-07
2021-09-25,3.3850270221910966e-07
2021-09-26,3.405083134789292e-07
2021-09-27,3.3128008260050493e-07
2021-09-28,3.258373315221262e-07
2021-09-29,3.2972296320350927e-07
2021-09-30,3.450177597581386e-07
2021-10-01,3.798797485041567e-07
2021-10-02,3.757729700764541e-07
2021-10-03,3.7988120279129977e-07
2021-10-04,3.8664307095295166e-07
2021-10-05,4.0454233031016396e-07
2021-10-06,4.3392706799826435e-07
2021-10-07,4.203104731742383e-07
2021-10-08,4.21019690356938e-07
2021-10-09,4.282659635131889e-07
2021-10-10,4.2547284374825435e-07
2021-10-11,4.4684592322000933e-07
2021-10-12,4.3318753442446883e-07
2021-10-13,4.4547126195283276e-07
2021-10-14,4.4501849185712516e-07
2021-10-15,4.773103341630737e-07
2021-10-16,4.7044486749693125e-07
2021-10-17,4.7558560353814917e-07
2021-10-18,4.799075237357556e-07
2021-10-19,4.977598925304996e-07
2021-10-20,5.1114312037919e-07
2021-10-21,4.80076954590862e-07
2021-10-22,4.695176277145784e-07
2021-10-23,4.722780433979155e-07
2021-10-24,4.682285174605834e-07
2021-10-25,4.853443392069217e-07
2021-10-26,4.6383303668416656e-07
2021-10-27,4.513448494844132e-07
2021-10-28,4.6494764010599453e-07
2021-10-29,4.7623437470276657e-07
2021-10-30,4.7172329564776525e-07
2021-10-31,4.6601849453112897e-07
2021-11-01,4.637877694361879e-07
2021-11-02,4.760970491706688e-07
2021-11-03,4.693919887238958e-07
2021-11-04,4.5863841973022553e-07
2021-11-05,4.5096042689864687e-07
2021-11-06,4.4996721343650207e-07
2021-11-07,4.633578897298298e-07
2021-11-08,4.899239604372328e-07
2021-11-09,4.892745815965474e-07
2021-11-10,4.659620382784299e-07
2021-11-11,4.6471570445910554e-07
2021-11-12,4.6086613171297613e-07
2021-11-13,4.590993646068306e-07
2021-11-14,4.6555212754486117e-07
2021-11-15,4.4816674298482934e-07
2021-11-16,4.2427629862820834e-07
2021-11-17,4.2296143050121864e-07
2021-11-18,3.950291030422645e-07
2021-11-19,4.0437893408067504e-07
2021-11-20,4.103536294170514e-07
2021-11-21,4.011403669643311e-07
2021-11-22,3.8514608975684647e-07
2021-11-23,3.950428276689153e-07
2021-11-24,3.9112621971638826e-07
2021-11-25,4.0244109040823455e-07
2021-11-26,3.649329329423717e-07
2021-11-27,3.6999630609984994e-07
2021-11-28,3.8660738927631146e-07
2021-11-29,3.8939163310187685e-07
2021-11-30,3.850194898214307e-07
2021-12-01,3.8511378986270736e-07
2021-12-02,3.7882978895796947e-07
2021-12-03,3.6033978815027136e-07
2021-12-04,3.261932797073952e-07
2021-12-05,3.2512319776329897e-07
2021-12-06,3.305162190886702e-07
2021-12-07,3.2939774450948126e-07
2021-12-08,3.2708557017860544e-07
2021-12-09,3.1189800919931936e-07
2021-12-10,3.0425616307349356e-07
2021-12-11,3.1865786773188487e-07
2021-12-12,3.2211945384293103e-07
2021-12-13,3.0014217128605205e-07
2021-12-14,3.110815291471116e-07
2021-12-15,3.1041255998497015e-07
2021-12-16,3.0278133922307613e-07
2021-12-17,2.9382024355094067e-07
2021-12-18,2.9721192288628036e-07
2021-12-19,2.949752791897045e-07
2021-12-20,2.9685576207496496e-07
2021-12-21,3.065944826660343e-07
2021-12-22,3.0391291410011803e-07
2021-12-23,3.206754313773318e-07
2021-12-24,3.1938761354323296e-07
2021-12-25,3.162007791160125e-07
2021-12-26,3.186536513258875e-07
2021-12-27,3.157664713524263e-07
2021-12-28,2.960943569015742e-07
2021-12-29,2.8943504434277766e-07
2021-12-30,2.938029706059219e-07
2021-12-31,2.8570437390665534e-07
2022-01-01,2.9653836022998465e-07
2022-01-02,2.8488858876176825e-07
2022-01-03,2.807749649889006e-07
2022-01-04,2.766052051184514e-07
2022-01-05,2.6220547490550766e-07
2022-01-06,2.5865585544491815e-07
2022-01-07,2.495394465360342e-07
2022-01-08,2.507139111676056e-07
2022-01-09,2.526972158252342e-07
2022-01-10,2.526417444905957e-07
2022-01-11,2.56101296068757e-07
2022-01-12,2.6292834936262934e-07
2022-01-13,2.53417348212859e-07
2022-01-14,2.562121067911913e-07
2022-01-15,2.5578122399835466e-07
2022-01-16,2.556084268284503e-07
2022-01-17,2.499947006757809e-07
2022-01-18,2.4987324372733397e-07
2022-01-19,2.4647796974580935e-07
2022-01-20,2.401260199262972e-07
2022-01-21,2.1418590846022375e-07
2022-01-22,2.0690914432289315e-07
2022-01-23,2.112943276340272e-07
2022-01-24,2.1457757138135738e-07
2022-01-25,2.1456328523789795e-07
2022-01-26,2.140040630223507e-07
2022-01-27,2.1480188481356572e-07
2022-01-28,2.176116544515666e-07
2022-01-29,2.219942250700656e-07
2022-01-30,2.1949607672973753e-07
2022-01-31,2.232486823864061e-07
2022-02-01,2.2402607872182093e-07
2022-02-02,2.1292669192726793e-07
2022-02-03,2.1444174426570199e-07
2022-02-04,2.3762462839721373e-07
2022-02-05,2.3474496771921945e-07
2022-02-06,2.4188566935423475e-07
2022-02-07,2.4944184181668386e-07
2022-02-08,2.5038736087138383e-07
2022-02-09,2.512106769647867e-07
2022-02-10,2.453499199644988e-07
2022-02-11,2.3775692553686126e-07
2022-02-12,2.3604081661032936e-07
2022-02-13,2.3514531074245063e-07
2022-02-14,2.374596354434508e-07
2022-02-15,2.490989061020618e-07
2022-02-16,2.4445772331215743e-07
2022-02-17,2.2589696617786886e-07
2022-02-18,2.2240088478920297e-07
2022-02-19,2.2250462345462797e-07
2022-02-20,2.117037942803339e-07
2022-02-21,2.0502260528197827e-07
2022-02-22,2.1123979506891587e-07
2022-02-23,2.0538520451002163e-07
2022-02-24,2.1100578845132324e-07
2022-02-25,2.1509794593297119e-07
2022-02-26,2.1526188029337913e-07
2022-02-27,2.0651676128829847e-07
2022-02-28,2.3550945896320517e-07
2022-03-01,2.43250852803634e-07
2022-03-02,2.4030732842270285e-07
2022-03-03,2.320328511506993e-07
2022-03-04,2.142439609170686e-07
2022-03-05,2.156195139313061e-07
2022-03-06,2.1000304087196456e-07
2022-03-07,2.0747271810283944e-07
2022-03-08,2.1268079904584792e-07
2022-03-09,2.29525748507011e-07
2022-03-10,2.1535438839041936e-07
2022-03-11,2.109328037592818e-07
2022-03-12,2.114686772239293e-07
2022-03-13,2.0557287525446009e-07
2022-03-14,2.1549554799420226e-07
2022-03-15,2.137680560846017e-07
2022-03-16,2.2387039997338816e-07
2022-03-17,2.2262805891230435e-07
2022-03-18,2.2624761513806733e-07
2022-03-19,2.278910093137432e-07
2022-03-20,2.2228695856697333e-07
2022-03-21,2.2090405512293134e-07
2022-03-22,2.2821456817466474e-07
2022-03-23,2.313617129651081e-07
2022-03-24,2.38106311139881e-07
2022-03-25,2.3933029701900465e-07
2022-03-26,2.410346311754376e-07
2022-03-27,2.5332398881716107e-07
2022-03-28,2.5500933861720245e-07
2022-03-29,2.569000667762294e-07
2022-03-30,2.5361065282233197e-07
2022-03-31,2.44191030865071e-07
2022-04-01,2.4906752990087865e-07
2022-04-02,2.4543274800506437e-07
2022-04-03,2.4893757045288467e-07
2022-04-04,2.5004344959029853e-07
2022-04-05,2.44446864985301e-07
2022-04-06,2.3192411646750033e-07
2022-04-07,2.344418337153173e-07
2022-04-08,2.2803550389356427e-07
2022-04-09,2.3023291802716023e-07
2022-04-10,2.263249012952914e-07
2022-04-11,2.12307905048681e-07
2022-04-12,2.1630333446897077e-07
2022-04-13,2.2161751576881724e-07
2022-04-14,2.1579260430822605e-07
2022-04-15,2.18968673709294e-07
2022-04-16,2.1809551335256296e-07
2022-04-17,2.1428543984631503e-07
2022-04-18,2.201862193677241e-07
2022-04-19,2.2416870037503643e-07
2022-04-20,2.2324118969211346e-07
2022-04-21,2.1816602775720933e-07
2022-04-22,2.1366962213239473e-07
2022-04-23,2.1165727359109457e-07
2022-04-24,2.1164753171792497e-07
2022-04-25,2.1705280488040208e-07
2022-04-26,2.0463738618368146e-07
2022-04-27,2.1117883309445528e-07
2022-04-28,2.1394913138476305e-07
2022-04-29,2.078153102501277e-07
2022-04-30,2.0221462766516633e-07
2022-05-01,2.0647408800356328e-07
2022-05-02,2.0690542463103183e-07
2022-05-03,2.0294803059336405e-07
2022-05-04,2.1339336100709848e-07
2022-05-05,1.9697258910925202e-07
2022-05-06,1.93870483609684e-07
2022-05-07,1.9168544238020866e-07
2022-05-08,1.841014009436353e-07
2022-05-09,1.6769986787172366e-07
2022-05-10,1.757936598618423e-07
2022-05-11,1.6533899830641156e-07
2022-05-12,1.8122749893402436e-07
2022-05-13,1.8361419356400822e-07
2022-05-14,1.9015880792570824e-07
2022-05-15,1.9887852268348248e-07
2022-05-16,1.89515365640413e-07
2022-05-17,1.9163750895222565e-07
2022-05-18,1.819620036590643e-07
2022-05-19,1.9187138541542506e-07
2022-05-20,1.8404688726983838e-07
2022-05-21,1.8646360154192835e-07
2022-05-22,1.9174248474322234e-07
2022-05-23,1.8413014843384808e-07
2022-05-24,1.8750082764765128e-07
2022-05-25,1.8653842038299658e-07
2022-05-26,1.843103690255564e-07
2022-05-27,1.809923324369841e-07
2022-05-28,1.8418945336814586e-07
2022-05-29,1.867737026727916e-07
2022-05-30,2.01416634185591e-07
2022-05-31,2.0095404936138728e-07
2022-06-01,1.8778241421898062e-07
2022-06-02,1.9075576918085342e-07
2022-06-03,1.8696209009394483e-07
2022-06-04,1.8814408730807805e-07
2022-06-05,1.8843855691459318e-07
2022-06-06,1.9764802252608737e-07
2022-06-07,1.9627586937089972e-07
2022-06-08,1.9066216369291575e-07
2022-06-09,1.9009218905119497e-07
2022-06-10,1.8346367370958593e-07
2022-06-11,1.798603291106972e-07
2022-06-12,1.6870905889580437e-07
2022-06-13,1.4271324279506615e-07
2022-06-14,1.4168422128342148e-07
2022-06-15,1.4546644436207155e-07
2022-06-16,1.3212914835384784e-07
2022-06-17,1.3288983048181792e-07
2022-06-18,1.2368184972796962e-07
2022-06-19,1.340232443838425e-07
2022-06-20,1.3424332968556247e-07
2022-06-21,1.3584583400509413e-07
2022-06-22,1.308345850536906e-07
2022-06-23,1.3826404079040097e-07
2022-06-24,1.3942426831533296e-07
2022-06-25,1.411175998061062e-07
2022-06-26,1.3792202187431186e-07
2022-06-27,1.3577031930765165e-07
2022-06-28,1.331025828292152e-07
2022-06-29,1.32058291968382e-07
2022-06-30,1.3104538621061029e-07
2022-07-01,1.2662596062804452e-07
2022-07-02,1.2595428917644483e-07
2022-07-03,1.2642338499813599e-07
2022-07-04,1.325248430649074e-07
2022-07-05,1.3222668773501457e-07
2022-07-06,1.3468543618478475e-07
2022-07-07,1.4209905620087516e-07
2022-07-08,1.4193472891964834e-07
2022-07-09,1.4182542408533774e-07
2022-07-10,1.3699985622197446e-07
2022-07-11,1.311333759274735e-07
2022-07-12,1.2686755365785533e-07
2022-07-13,1.3311627148065484e-07
2022-07-14,1.353798946279166e-07
2022-07-15,1.3701818747013768e-07
2022-07-16,1.39896853554567e-07
2022-07-17,1.3724230031303115e-07
2022-07-18,1.4792587290482538e-07
2022-07-19,1.5406946683864356e-07
2022-07-20,1.5286993220961277e-07
2022-07-21,1.5238152580822933e-07
2022-07-22,1.492549091341197e-07
2022-07-23,1.477205446679666e-07
2022-07-24,1.484531574038717e-07
2022-07-25,1.399976519176212e-07
2022-07-26,1.3971902383106964e-07
2022-07-27,1.5102940136027566e-07
2022-07-28,1.5675034696008176e-07
2022-07-29,1.5651114767934276e-07
2022-07-30,1.5546715157169874e-07
2022-07-31,1.533543562382951e-07
2022-08-01,1.5318208185170307e-07
2022-08-02,1.5107296347044577e-07
2022-08-03,1.5004202849996176e-07
2022-08-04,1.4860250849887455e-07
2022-08-05,1.533548880503459e-07
2022-08-06,1.5077471394964963e-07
2022-08-07,1.5226109125911106e-07
2022-08-08,1.5651933395839257e-07
2022-08-09,1.524403628936717e-07
2022-08-10,1.5777221419035745e-07
2022-08-11,1.5744756569641546e-07
2022-08-12,1.6044484422629946e-07
2022-08-13,1.609420239190978e-07
2022-08-14,1.5978851827610034e-07
2022-08-15,1.5893452563475554e-07
2022-08-16,1.5702003367711565e-07
2022-08-17,1.536785043085758e-07
2022-08-18,1.5280245009083217e-07
2022-08-19,1.374613340399871e-07
2022-08-20,1.3956576146784372e-07
2022-08-21,1.4207483167409746e-07
2022-08-22,1.41437036761275e-07
2022-08-23,1.4234352798212546e-07
2022-08-24,1.4124063480961136e-07
2022-08-25,1.4253561652292626e-07
2022-08-26,1.3379605496739453e-07
2022-08-27,1.3236378566589974e-07
2022-08-28,1.2908159942482998e-07
2022-08-29,1.3419450266551433e-07
2022-08-30,1.3088531905147625e-07
2022-08-31,1.32186935769875e-07
2022-09-01,1.329061554753287e-07
2022-09-02,1.318550532968033e-07
2022-09-03,1.3123469939360977e-07
2022-09-04,1.323193353766821e-07
2022-09-05,1.3103697870445722e-07
2022-09-06,1.2446857087794041e-07
2022-09-07,1.2767379298267608e-07
2022-09-08,1.278926551540421e-07
2022-09-09,1.4130457989429377e-07
2022-09-10,1.4318735757621748e-07
2022-09-11,1.4414755014351203e-07
2022-09-12,1.4789236713734678e-07
2022-09-13,1.3325473521235699e-07
2022-09-14,1.3360656202752506e-07
2022-09-15,1.3034499119205955e-07
2022-09-16,1.3127841136923752e-07
2022-09-17,1.334836320255935e-07
2022-09-18,1.2879960857734882e-07
2022-09-19,1.2964054880640633e-07
2022-09-20,1.2513380718479517e-07
2022-09-21,1.222042124284388e-07
2022-09-22,1.2854876711633542e-07
2022-09-23,1.2782873430585562e-07
2022-09-24,1.2544681711598522e-07
2022-09-25,1.2482762112571932e-07
2022-09-26,1.277928207486258e-07
2022-09-27,1.274180219738959e-07
2022-09-28,1.297738173245537e-07
2022-09-29,1.314066373484382e-07
2022-09-30,1.30717787498127e-07
2022-10-01,1.3106436013575145e-07
2022-10-02,1.2928450671503815e-07
2022-10-03,1.332276919064481e-07
2022-10-04,1.3823126634125504e-07
2022-10-05,1.3703666920542249e-07
2022-10-06,1.355386554621747e-07
2022-10-07,1.3265515706766492e-07
2022-10-08,1.3174799414967723e-07
2022-10-09,1.3190498528262505e-07
2022-10-10,1.2986944722300158e-07
2022-10-11,1.2955087013387821e-07
2022-10-12,1.3031451191452412e-07
2022-10-13,1.3227086830881056e-07
2022-10-14,1.3131280885500114e-07
2022-10-15,1.3089684486341396e-07
2022-10-16,1.3226949283637274e-07
2022-10-17,1.3427879087278782e-07
2022-10-18,1.329937085686612e-07
2022-10-19,1.316483893696658e-07
2022-10-20,1.3115641286723016e-07
2022-10-21,1.3242716620957476e-07
2022-10-22,1.3289819170523525e-07
2022-10-23,1.3538771095991266e-07
2022-10-24,1.3368372294808903e-07
2022-10-25,1.3928073189906702e-07
2022-10-26,1.44151276485947e-07
2022-10-27,1.4065275686625702e-07
2022-10-28,1.4282667992410364e-07
2022-10-29,1.4425781656741267e-07
2022-10-30,1.428232787135548e-07
2022-10-31,1.4172647081309344e-07
2022-11-01,1.421168112916049e-07
2022-11-02,1.3992111673186526e-07
2022-11-03,1.4042638116419222e-07
2022-11-04,1.4675271426926342e-07
2022-11-05,1.475963538990087e-07
2022-11-06,1.448178750720691e-07
2022-11-07,1.4223036400937803e-07
2022-11-08,1.2726522858716523e-07
2022-11-09,1.0868054499751058e-07
2022-11-10,1.216414272918618e-07
2022-11-11,1.1760373597685068e-07
2022-11-12,1.1621302604515216e-07
2022-11-13,1.1334106477739046e-07
2022-11-14,1.15402719049242e-07
2022-11-15,1.1761386245619872e-07
2022-11-16,1.1604094313829118e-07
2022-11-17,1.1658494394083326e-07
2022-11-18,1.1685387690845034e-07
2022-11-19,1.1674952439323914e-07
2022-11-20,1.1369229786931854e-07
2022-11-21,1.1023260130756125e-07
2022-11-22,1.139128807439849e-07
2022-11-23,1.1686062524679131e-07
2022-11-24,1.1722480618234727e-07
2022-11-25,1.164345782981489e-07
2022-11-26,1.1629709995272264e-07
2022-11-27,1.1596165043563715e-07
2022-11-28,1.1445681038612902e-07
2022-11-29,1.1696926490811371e-07
2022-11-30,1.227810219375157e-07
2022-12-01,1.215241627840388e-07
2022-12-02,1.225289310388234e-07
2022-12-03,1.2081733882286045e-07
2022-12-04,1.2229843822064962e-07
2022-12-05,1.211670048450078e-07
2022-12-06,1.2223942084182065e-07
2022-12-07,1.2055804320269044e-07
2022-12-08,1.2351774648259134e-07
2022-12-09,1.228429831683539e-07
2022-12-10,1.228933208926323e-07
2022-12-11,1.2258499759498283e-07
2022-12-12,1.2324897915293256e-07
2022-12-13,1.2775754334152433e-07
2022-12-14,1.2834691008830832e-07
2022-12-15,1.2536764774582755e-07
2022-12-16,1.2006653099907e-07
2022-12-17,1.2152920415282169e-07
2022-12-18,1.211460311931526e-07
2022-12-19,1.1893031140031126e-07
2022-12-20,1.2251283630906855e-07
2022-12-21,1.2213045683947425e-07
2022-12-22,1.2230507245112449e-07
2022-12-23,1.2212611328213045e-07
2022-12-24,1.230008030366335e-07
2022-12-25,1.2286794205695612e-07
2022-12-26,1.2350850407962927e-07
2022-12-27,1.219373481086045e-07
2022-12-28,1.2117449819413368e-07
2022-12-29,1.217745878640564e-07
2022-12-30,1.216648917970021e-07
2022-12-31,1.2123517485823415e-07
2023-01-01,1.2196124208230727e-07
2023-01-02,1.2229571678803348e-07
2023-01-03,1.2228301465584166e-07
2023-01-04,1.2388595701404312e-07
2023-01-05,1.2375886050638717e-07
2023-01-06,1.2493722855667551e-07
2023-01-07,1.2518887494074602e-07
2023-01-08,1.263462137550718e-07
2023-01-09,1.2681830529509197e-07
2023-01-10,1.2902687962098277e-07
2023-01-11,1.324337896371291e-07
2023-01-12,1.391864117352784e-07
2023-01-13,1.470366084935645e-07
2023-01-14,1.549177085563929e-07
2023-01-15,1.5413597756784368e-07
2023-01-16,1.5618551022983166e-07
2023-01-17,1.558691664789766e-07
2023-01-18,1.5296195885000148e-07
2023-01-19,1.5617426609196874e-07
2023-01-20,1.6802012883046007e-07
2023-01-21,1.6856187025495946e-07
2023-01-22,1.6772404257096595e-07
2023-01-23,1.6912112174136912e-07
2023-01-24,1.6724776243431604e-07
2023-01-25,1.7030345006110602e-07
2023-01-26,1.696182026779588e-07
2023-01-27,1.6995643553964607e-07
2023-01-28,1.698059234500665e-07
2023-01-29,1.7486617351364246e-07
2023-01-30,1.681840106301036e-07
2023-01-31,1.7078263721593168e-07
2023-02-01,1.7517621562630335e-07
2023-02-02,1.7350111310559115e-07
2023-02-03,1.7255211131193698e-07
2023-02-04,1.7214620341614528e-07
2023-02-05,1.6922198242565514e-07
2023-02-06,1.6788634467584235e-07
2023-02-07,1.7165092632206194e-07
2023-02-08,1.6970391642321309e-07
2023-02-09,1.6129119907541703e-07
2023-02-10,1.602557233544077e-07
2023-02-11,1.6192908686456006e-07
2023-02-12,1.6134955959508007e-07
2023-02-13,1.6142060861794329e-07
2023-02-14,1.6438390825174418e-07
2023-02-15,1.8027519728484526e-07
2023-02-16,1.7477248462614508e-07
2023-02-17,1.8255223425550427e-07
2023-02-18,1.830925574112179e-07
2023-02-19,1.8051217935882196e-07
2023-02-20,1.8450361055151137e-07
2023-02-21,1.8203410651145203e-07
2023-02-22,1.8040370334445713e-07
2023-02-23,1.7890233563878237e-07
2023-02-24,1.7339987144278747e-07
2023-02-25,1.7331081319900752e-07
2023-02-26,1.7614299652256308e-07
2023-02-27,1.7573454722935368e-07
2023-02-28,1.7345208881404942e-07
2023-03-01,1.7738764806409829e-07
2023-03-02,1.7634641107073677e-07
2023-03-03,1.67777910204125e-07
2023-03-04,1.6763944747731656e-07
2023-03-05,1.6813457603303515e-07
2023-03-06,1.6789307292059077e-07
2023-03-07,1.6652041209251304e-07
2023-03-08,1.6277127349183615e-07
2023-03-09,1.5285380861770764e-07
2023-03-10,1.517358146072246e-07
2023-03-11,1.550835526808799e-07
2023-03-12,1.704577689893833e-07
2023-03-13,1.811381082073455e-07
2023-03-14,1.8690391487707667e-07
2023-03-15,1.8558319444351759e-07
2023-03-16,1.9026261374544242e-07
2023-03-17,2.084798798488635e-07
2023-03-18,2.047702446704371e-07
2023-03-19,2.1231027576015076e-07
2023-03-20,2.1093767071091039e-07
2023-03-21,2.1329893385807972e-07
2023-03-22,2.0697610589857606e-07
2023-03-23,2.149919756175576e-07
2023-03-24,2.0825583287685595e-07
2023-03-25,2.0781522713299655e-07
2023-03-26,2.1143384144168278e-07
2023-03-27,2.0625108567583777e-07
2023-03-28,2.0789610754943884e-07
2023-03-29,2.1675120696346058e-07
2023-03-30,2.1446620856299627e-07
2023-03-31,2.1782286346323704e-07
2023-04-01,2.1863253820731083e-07
2023-04-02,2.165968057805521e-07
2023-04-03,2.1338345619278016e-07
2023-04-04,2.1524063702411804e-07
2023-04-05,2.1632215412759278e-07
2023-04-06,2.1541210306627985e-07
2023-04-07,2.1414084019815689e-07
2023-04-08,2.1441343858640973e-07
2023-04-09,2.1695821777529497e-07
2023-04-10,2.2755196344929928e-07
2023-04-11,2.318659797595155e-07
2023-04-12,2.293430481867023e-07
2023-04-13,2.3343706580755655e-07
2023-04-14,2.3390930174243032e-07
2023-04-15,2.3272425370191027e-07
2023-04-16,2.329025266376988e-07
2023-04-17,2.262736434829192e-07
2023-04-18,2.3375902979498298e-07
2023-04-19,2.221569586861937e-07
2023-04-20,2.175667546547039e-07
2023-04-21,2.102611630771218e-07
2023-04-22,2.166253211317945e-07
2023-04-23,2.1345846488882684e-07
2023-04-24,2.1274405709449464e-07
2023-04-25,2.1894864313635564e-07
2023-04-26,2.202257932627596e-07
2023-04-27,2.2812693449046118e-07
2023-04-28,2.2729769222022115e-07
2023-04-29,2.2683904431534575e-07
2023-04-30,2.2685253414204123e-07
2023-05-01,2.1781719660733122e-07
2023-05-02,2.2189890719623715e-07
2023-05-03,2.2459677085795046e-07
2023-05-04,2.238994010337972e-07
2023-05-05,2.2951372300486374e-07
2023-05-06,2.237078684333498e-07
2023-05-07,2.20439156416531e-07
2023-05-08,2.146621969401472e-07
2023-05-09,2.1420589882930847e-07
2023-05-10,2.1374779131424843e-07
2023-05-11,2.0913508849914437e-07
2023-05-12,2.0785684062361462e-07
2023-05-13,2.0762203430119604e-07
2023-05-14,2.0878129127903287e-07
2023-05-15,2.1058935871690538e-07
2023-05-16,2.097948178768529e-07
2023-05-17,2.1294815456140998e-07
2023-05-18,2.0882618433439235e-07
2023-05-19,2.0920346884097293e-07
2023-05-20,2.1113343082079138e-07
2023-05-21,2.0809867405470602e-07
2023-05-22,2.0909910176643668e-07
2023-05-23,2.1217996153672187e-07
2023-05-24,2.0530044227034127e-07
2023-05-25,2.0712928825819561e-07
2023-05-26,2.0906295395282163e-07
2023-05-27,2.10291708613153e-07
2023-05-28,2.196409874385845e-07
2023-05-29,2.170415129317793e-07
2023-05-30,2.1680586289493826e-07
2023-05-31,2.130770377431609e-07
2023-06-01,2.1008624045926962e-07
2023-06-02,2.1354931538931665e-07
2023-06-03,2.1213429277866676e-07
2023-06-04,2.1265026331192996e-07
2023-06-05,2.017119265659618e-07
2023-06-06,2.1364179143813199e-07
2023-06-07,2.0691546714252928e-07
2023-06-08,2.0841757512493966e-07
2023-06-09,2.0838381401361093e-07
2023-06-10,2.0407138266266673e-07
2023-06-11,2.0449953428220791e-07
2023-06-12,2.041298716980687e-07
2023-06-13,2.0482832902466474e-07
2023-06-14,1.986688260280421e-07
2023-06-15,2.025471595475063e-07
2023-06-16,2.0724974009640258e-07
2023-06-17,2.0829775475218824e-07
2023-06-18,2.075403107666902e-07
2023-06-19,2.1150845859452188e-07
2023-06-20,2.2298118500406238e-07
2023-06-21,2.355067271280459e-07
2023-06-22,2.3547843815782634e-07
2023-06-23,2.419839454301675e-07
2023-06-24,2.4074714534843553e-07
2023-06-25,2.3966142085216875e-07
2023-06-26,2.3829018247740052e-07
2023-06-27,2.4176650382629064e-07
2023-06-28,2.3701455657962603e-07
2023-06-29,2.407865302107753e-07
2023-06-30,2.411890102997846e-07
2023-07-01,2.433611974693174e-07
2023-07-02,2.4341691490415835e-07
2023-07-03,2.4764108117312206e-07
2023-07-04,2.4422049039169416e-07
2023-07-05,2.4191382718104057e-07
2023-07-06,2.3761268296406043e-07
2023-07-07,2.4174023180565315e-07
2023-07-08,2.4129496634067705e-07
2023-07-09,2.404686495380903e-07
2023-07-10,2.427158566074947e-07
2023-07-11,2.446902660126915e-07
2023-07-12,2.4308330458888393e-07
2023-07-13,2.520698865853144e-07
2023-07-14,2.4244292854335186e-07
2023-07-15,2.419658829294097e-07
2023-07-16,2.417094703578438e-07
2023-07-17,2.4108311519737674e-07
2023-07-18,2.391055145412882e-07
2023-07-19,2.396452389365267e-07
2023-07-20,2.392853591541324e-07
2023-07-21,2.4021144525694486e-07
2023-07-22,2.395400790019713e-07
2023-07-23,2.419302991459141e-07
2023-07-24,2.3480168984027637e-07
2023-07-25,2.355470136212517e-07
2023-07-26,2.3678326580843749e-07
2023-07-27,2.3575702751675238e-07
2023-07-28,2.3685260498587192e-07
2023-07-29,2.3767004127418404e-07
2023-07-30,2.365559573783646e-07
2023-07-31,2.3627575747033078e-07
2023-08-01,2.4015193669158676e-07
2023-08-02,2.3622634786840814e-07
2023-08-03,2.3661662788535532e-07
2023-08-04,2.362398081381878e-07
2023-08-05,2.3647960841736354e-07
2023-08-06,2.3635561425941772e-07
2023-08-07,2.3763189063418857e-07
2023-08-08,2.426659017733954e-07
2023-08-09,2.406266843550742e-07
2023-08-10,2.3966361818397133e-07
2023-08-11,2.399618864266788e-07
2023-08-12,2.403004400235811e-07
2023-08-13,2.390239421571267e-07
2023-08-14,2.399868389931386e-07
2023-08-15,2.3897533262004923e-07
2023-08-16,2.3570734953638243e-07
2023-08-17,2.193450797037311e-07
2023-08-18,2.144524161607883e-07
2023-08-19,2.1545421918290577e-07
2023-08-20,2.158784963904576e-07
2023-08-21,2.1512162472202602e-07
2023-08-22,2.124130934247573e-07
2023-08-23,2.1575074129437304e-07
2023-08-24,2.1353991330344476e-07
2023-08-25,2.124541540358212e-07
2023-08-26,2.1204086853452476e-07
2023-08-27,2.1269692041106323e-07
2023-08-28,2.126160047073073e-07
2023-08-29,2.2572889019651031e-07
2023-08-30,2.214978742700773e-07
2023-08-31,2.1018096037680436e-07
2023-09-01,2.090728213126784e-07
2023-09-02,2.0969165362810233e-07
2023-09-03,2.1052313651337817e-07
2023-09-04,2.0924188755361835e-07
2023-09-05,2.0944426618288383e-07
2023-09-06,2.0977880945844047e-07
2023-09-07,2.1406193349824757e-07
2023-09-08,2.1173246629816124e-07
2023-09-09,2.1141640307194118e-07
2023-09-10,2.1077181377482147e-07
2023-09-11,2.0492548526025932e-07
2023-09-12,2.1091770189262533e-07
2023-09-13,2.1378122903987962e-07
2023-09-14,2.162256632078799e-07
2023-09-15,2.169177398372167e-07
2023-09-16,2.1688134155856575e-07
2023-09-17,2.1641895905330673e-07
2023-09-18,2.182862008672505e-07
2023-09-19,2.2201446408782097e-07
2023-09-20,2.210973053651448e-07
2023-09-21,2.1649994139100117e-07
2023-09-22,2.167705541442103e-07
2023-09-23,2.16655651191387e-07
2023-09-24,2.1390774955827073e-07
2023-09-25,2.1422505242891017e-07
2023-09-26,2.138842708276591e-07
2023-09-27,2.1537060619112743e-07
2023-09-28,2.2094468851666726e-07
2023-09-29,2.196758868589829e-07
2023-09-30,2.2102417646814332e-07
2023-10-01,2.292292214916563e-07
2023-10-02,2.251792150007557e-07
2023-10-03,2.2425596350848343e-07
2023-10-04,2.2745440022100528e-07
2023-10-05,2.2466134487294176e-07
2023-10-06,2.2872431643077707e-07
2023-10-07,2.283780340719459e-07
2023-10-08,2.281355655779713e-07
2023-10-09,2.2525236712265174e-07
2023-10-10,2.2351667250050457e-07
2023-10-11,2.1981359393911773e-07
2023-10-12,2.1915826121374313e-07
2023-10-13,2.2041173902294494e-07
2023-10-14,2.2030557334319477e-07
2023-10-15,2.228166193267109e-07
2023-10-16,2.3369164538516614e-07
2023-10-17,2.327439579935532e-07
2023-10-18,2.3172690622506623e-07
2023-10-19,2.3460948485647764e-07
2023-10-20,2.412289136427423e-07
2023-10-21,2.433664778748771e-07
2023-10-22,2.4406320237575853e-07
2023-10-23,2.6890193918646125e-07
2023-10-24,2.753670357863021e-07
2023-10-25,2.8161112565128564e-07
2023-10-26,2.7799050516034174e-07
2023-10-27,2.759050751924464e-07
2023-10-28,2.7778798864048725e-07
2023-10-29,2.8141751675954845e-07
2023-10-30,2.8078760121527887e-07
2023-10-31,2.8259728640819344e-07
2023-11-01,2.891603393038619e-07
2023-11-02,2.844405197474454e-07
2023-11-03,2.8285392713143217e-07
2023-11-04,2.8491149932410854e-07
2023-11-05,2.842256364949808e-07
2023-11-06,2.840598987132193e-07
2023-11-07,2.870117535984273e-07
2023-11-08,2.880732627363103e-07
2023-11-09,2.96709085506696e-07
2023-11-10,3.0148990122417356e-07
2023-11-11,2.995007846723052e-07
2023-11-12,2.988059209878233e-07
2023-11-13,2.9394477474094467e-07
2023-11-14,2.8615971153137323e-07
2023-11-15,3.0513489979013326e-07
2023-11-16,2.905622470836442e-07
2023-11-17,2.9349876199327274e-07
2023-11-18,2.927662599147546e-07
2023-11-19,2.990810071597485e-07
2023-11-20,2.99543896286283e-07
2023-11-21,2.847273952095049e-07
2023-11-22,2.977876480651226e-07
2023-11-23,2.967395690417483e-07
2023-11-24,3.002854543266206e-07
2023-11-25,2.992930652132713e-07
2023-11-26,2.9657438678984413e-07
2023-11-27,2.949424553029464e-07
2023-11-28,3.000611155359103e-07
2023-11-29,2.99573928346883e-07
2023-11-30,2.982546362667241e-07
2023-12-01,3.05828122470185e-07
2023-12-02,3.114905292468391e-07
2023-12-03,3.15402050785132e-07
2023-12-04,3.3083619408289316e-07
2023-12-05,3.478544711703732e-07
2023-12-06,3.4438762148244093e-07
2023-12-07,3.4060598124301186e-07
2023-12-08,3.480214620231096e-07
2023-12-09,3.437436523595171e-07
2023-12-10,3.4322509705783174e-07
2023-12-11,3.234110013502829e-07
2023-12-12,3.2584374794604273e-07
2023-12-13,3.3865990944304236e-07
2023-12-14,3.3875169113948894e-07
2023-12-15,3.295263613061256e-07
2023-12-16,3.3153852547735994e-07
2023-12-17,3.238572330816934e-07
2023-12-18,3.343467534729865e-07
2023-12-19,3.3134340378454e-07
2023-12-20,3.412042146932858e-07
2023-12-21,3.418209764514276e-07
2023-12-22,3.4291807151013443e-07
2023-12-23,3.4015630456961434e-07
2023-12-24,3.3410233743832146e-07
2023-12-25,3.3872390119451976e-07
2023-12-26,3.304548603562578e-07
2023-12-27,3.387652904160591e-07
2023-12-28,3.307278429779812e-07
2023-12-29,3.2713102730432693e-07
2023-12-30,3.275351722511505e-07
2023-12-31,3.286672538451328e-07
2024-01-01,3.443972295442265e-07
2024-01-02,3.4913515068412903e-07
2024-01-03,3.3221312824497093e-07
2024-01-04,3.4118934300314387e-07
2024-01-05,3.3938472685763923e-07
2024-01-06,3.37058939444457e-07
2024-01-07,3.3549628985459107e-07
2024-01-08,3.5889110990358865e-07
2024-01-09,3.5172539766618714e-07
2024-01-10,3.560443792675793e-07
2024-01-11,3.5233277009488905e-07
2024-01-12,3.2426132726799806e-07
2024-01-13,3.263486520360865e-07
2024-01-14,3.16219780807775e-07
2024-01-15,3.2173755850478823e-07
2024-01-16,3.273207817734412e-07
2024-01-17,3.244004348840303e-07
2024-01-18,3.1216236577582634e-07
2024-01-19,3.1626169012631066e-07
2024-01-20,3.163046786819164e-07
2024-01-21,3.1524515482958975e-07
2024-01-22,3.0051738728110196e-07
2024-01-23,3.027545702151397e-07
2024-01-24,3.0246738525577645e-07
2024-01-25,3.014908813565053e-07
2024-01-26,3.1542010446397596e-07
2024-01-27,3.1715376467900263e-07
2024-01-28,3.1630244560627254e-07
2024-01-29,3.2556028818919137e-07
2024-01-30,3.220802926430761e-07
2024-01-31,3.1948370403105275e-07
2024-02-01,3.2330313762390196e-07
2024-02-02,3.2324618308797973e-07
2024-02-03,3.21891914469994e-07
2024-02-04,3.1879661377347684e-07
2024-02-05,3.192853260534725e-07
2024-02-06,3.229027384819453e-07
2024-02-07,3.314476788393175e-07
2024-02-08,3.380297696955556e-07
2024-02-09,3.510775733332743e-07
2024-02-10,3.550358609972896e-07
2024-02-11,3.5824249655659267e-07
2024-02-12,3.6979486535022726e-07
2024-02-13,3.6959481595805484e-07
2024-02-14,3.848565226043989e-07
2024-02-15,3.8290031101727136e-07
2024-02-16,3.849803902215878e-07
2024-02-17,3.80041441502175e-07
2024-02-18,3.829630364073072e-07
2024-02-19,3.8079064685489254e-07
2024-02-20,3.8406801969867e-07
2024-02-21,3.807119420636778e-07
2024-02-22,3.7622784399656914e-07
2024-02-23,3.7176923154993097e-07
2024-02-24,3.7654713381595896e-07
2024-02-25,3.7787709740419263e-07
2024-02-26,3.9802981258042396e-07
2024-02-27,4.15242654088718e-07
2024-02-28,4.5291770883270926e-07
2024-02-29,4.4154872356064307e-07
2024-03-01,4.492423291203123e-07
2024-03-02,4.449662359548437e-07
2024-03-03,4.525433712421577e-07
2024-03-04,4.888970675587724e-07
2024-03-05,4.556571251697179e-07
2024-03-06,4.7146800320172405e-07
2024-03-07,4.7629967660603777e-07
2024-03-08,4.840087205037077e-07
2024-03-09,4.811694066722687e-07
2024-03-10,4.84157371609976e-07
2024-03-11,5.050290600097894e-07
2024-03-12,4.980135345869153e-07
2024-03-13,5.086065325745329e-07
2024-03-14,4.937193937144177e-07
2024-03-15,4.799714381251233e-07
2024-03-16,4.507320400917205e-07
2024-03-17,4.717262440955023e-07
2024-03-18,4.67672725347055e-07
2024-03-19,4.26071133379923e-07
2024-03-20,4.65909245902099e-07
2024-03-21,4.5117146395061554e-07
2024-03-22,4.379042496850949e-07
2024-03-23,4.39267494726691e-07
2024-03-24,4.601618038900791e-07
2024-03-25,4.793721285903755e-07
2024-03-26,4.757807271328737e-07
2024-03-27,4.711417653458694e-07
2024-03-28,4.810423479493435e-07
2024-03-29,4.7419787550929457e-07
2024-03-30,4.714966603936552e-07
2024-03-31,4.820549645254597e-07
2024-04-01,4.7218439502902193e-07
2024-04-02,4.423398013583695e-07
2024-04-03,4.437174857429282e-07
2024-04-04,4.5664453719856875e-07
2024-04-05,4.494555885200495e-07
2024-04-06,4.5315919445370997e-07
2024-04-07,4.5598960062798147e-07
2024-04-08,4.7157813697997975e-07
2024-04-09,4.5515468508697535e-07
2024-04-10,4.656694286348175e-07
2024-04-11,4.625765211659584e-07
2024-04-12,4.4184219978682317e-07
2024-04-13,4.209358510618882e-07
2024-04-14,4.302790526852886e-07
2024-04-15,4.1516006951521457e-07
2024-04-16,4.1630604059698886e-07
2024-04-17,3.971172073534697e-07
2024-04-18,4.1772529900833413e-07
2024-04-19,4.110214690317249e-07
2024-04-20,4.221476226392531e-07
2024-04-21,4.215748088999702e-07
2024-04-22,4.2782007113405257e-07
2024-04-23,4.236154586801018e-07
2024-04-24,4.099926990736577e-07
2024-04-25,4.0984405917128047e-07
2024-04-26,4.0532675159428997e-07
2024-04-27,4.038331053139153e-07
2024-04-28,4.0129461670669037e-07
2024-04-29,4.059632187088148e-07
2024-04-30,3.8636647799221695e-07
2024-05-01,3.70851494891312e-07
2024-05-02,3.7713592774357274e-07
2024-05-03,4.013485705184486e-07
2024-05-04,4.059767966185397e-07
2024-05-05,4.060146001712105e-07
2024-05-06,4.0061471256627464e-07
2024-05-07,3.954442612705339e-07
2024-05-08,3.887901269631845e-07
2024-05-09,4.011728650780596e-07
2024-05-10,3.865522118981147e-07
2024-05-11,3.8720666898561703e-07
2024-05-12,3.910000546651946e-07
2024-05-13,4.004948929073673e-07
2024-05-14,3.9135163948623554e-07
2024-05-15,4.21841478198568e-07
2024-05-16,4.13869026985838e-07
2024-05-17,4.2501381862647817e-07
2024-05-18,4.235909917971705e-07
2024-05-19,4.1861202120271064e-07
2024-05-20,4.510746557990905e-07
2024-05-21,4.4403622356937e-07
2024-05-22,4.376073791737608e-07
2024-05-23,4.3008658725019317e-07
2024-05-24,4.34467887462726e-07
2024-05-25,4.3812713649510977e-07
2024-05-26,4.3318449668255204e-07
2024-05-27,4.397788858436088e-07
2024-05-28,4.332669168973046e-07
2024-05-29,4.2899516916839384e-07
2024-05-30,4.3487009573609016e-07
2024-05-31,4.281514647190535e-07
2024-06-01,4.293405760559118e-07
2024-06-02,4.293945500450527e-07
2024-06-03,4.366499910136009e-07
2024-06-04,4.4688777084280425e-07
2024-06-05,4.498614130806022e-07
2024-06-06,4.472907807430086e-07
2024-06-07,4.377180901936281e-07
2024-06-08,4.366880484721659e-07
2024-06-09,4.387467969639198e-07
2024-06-10,4.37715445290962e-07
2024-06-11,4.2481796135437966e-07
2024-06-12,4.312384906031481e-07
2024-06-13,4.212685148346105e-07
2024-06-14,4.164551193562325e-07
2024-06-15,4.174946205901249e-07
2024-06-16,4.209880488438143e-07
2024-06-17,4.197896135803246e-07
2024-06-18,4.117648521082981e-07
2024-06-19,4.09339087809162e-07
2024-06-20,4.092819827834995e-07
2024-06-21,4.043920073493433e-07
2024-06-22,4.0453133405144376e-07
2024-06-23,3.9768416923187604e-07
2024-06-24,3.8013123750639795e-07
2024-06-25,3.899688246466861e-07
2024-06-26,3.836309388219387e-07
2024-06-27,3.887477425487212e-07
2024-06-28,3.806727224434562e-07
2024-06-29,3.848237223278203e-07
2024-06-30,3.962869386776849e-07
2024-07-01,3.9781342253290386e-07
2024-07-02,3.922214119157664e-07
2024-07-03,3.804906584621016e-07
2024-07-04,3.607069397082961e-07
2024-07-05,3.573993664458651e-07
2024-07-06,3.66787596708781e-07
2024-07-07,3.5131261175568445e-07
2024-07-08,3.5682781324901e-07
2024-07-09,3.6514856787004853e-07
2024-07-10,3.6269969068541607e-07
2024-07-11,3.5931308566930397e-07
2024-07-12,3.6286693940621226e-07
2024-07-13,3.7192511320528e-07
2024-07-14,3.8115031857044136e-07
2024-07-15,4.0488642184887186e-07
2024-07-16,4.066721409316722e-07
2024-07-17,3.9972558350908513e-07
2024-07-18,3.9851113183841334e-07
2024-07-19,4.155899208432997e-07
2024-07-20,4.159708796593591e-07
2024-07-21,4.221913424399641e-07
2024-07-22,4.1851579498548033e-07
2024-07-23,4.081948445119321e-07
2024-07-24,4.03862815729479e-07
2024-07-25,4.069008183345777e-07
2024-07-26,4.212555313701772e-07
2024-07-27,4.2038520767343434e-07
2024-07-28,4.2223127223550544e-07
2024-07-29,4.1311621777435924e-07
2024-07-30,4.103100383663356e-07
2024-07-31,4.007951140783273e-07
2024-08-01,4.0516728764970267e-07
2024-08-02,3.821312539614415e-07
2024-08-03,3.7725549587700224e-07
2024-08-04,3.6132941059640193e-07
2024-08-05,3.3555226074614624e-07
2024-08-06,3.4807253496071086e-07
2024-08-07,3.4136797987791785e-07
2024-08-08,3.780195073899757e-07
2024-08-09,3.737329433560575e-07
2024-08-10,3.738207302567826e-07
2024-08-11,3.6104034489938317e-07
2024-08-12,3.640213533939348e-07
2024-08-13,3.708615646146975e-07
2024-08-14,3.5838812062881246e-07
2024-08-15,3.5008156202871883e-07
2024-08-16,3.576518696923813e-07
2024-08-17,3.5996061591480846e-07
2024-08-18,3.5338681048594697e-07
2024-08-19,3.5987664882404895e-07
2024-08-20,3.57021750320152e-07
2024-08-21,3.6904382010821197e-07
2024-08-22,3.638561926973593e-07
2024-08-23,3.858412450423713e-07
2024-08-24,3.850027725825523e-07
2024-08-25,3.84731114725941e-07
2024-08-26,3.7632264253394974e-07
2024-08-27,3.5640183172237253e-07
2024-08-28,3.542152013731056e-07
2024-08-29,3.557609626416595e-07
2024-08-30,3.538036353640151e-07
2024-08-31,3.5311000265894623e-07
2024-09-01,3.438466137645581e-07
2024-09-02,3.537887298039079e-07
2024-09-03,3.442553164617616e-07
2024-09-04,3.4782738793138246e-07
2024-09-05,3.3639089962080706e-07
2024-09-06,3.2375283191671684e-07
2024-09-07,3.2499074556546194e-07
2024-09-08,3.287773918397777e-07
2024-09-09,3.4200344428830653e-07
2024-09-10,3.4420847274724945e-07
2024-09-11,3.4260888822013514e-07
2024-09-12,3.4736859114623276e-07
2024-09-13,3.6224047137694206e-07
2024-09-14,3.574109426756986e-07
2024-09-15,3.5076189600563557e-07
2024-09-16,3.46047635008954e-07
2024-09-17,3.5933889545141906e-07
2024-09-18,3.6674863598528196e-07
2024-09-19,3.7306742442518054e-07
2024-09-20,3.7488645121608375e-07
2024-09-21,3.7452875179582745e-07
2024-09-22,3.751683578652207e-07
2024-09-23,3.7401311652412776e-07
2024-09-24,3.796936479331408e-07
2024-09-25,3.730226406684247e-07
2024-09-26,3.8449267500398205e-07
2024-09-27,3.8702783500000797e-07
2024-09-28,3.882057259068247e-07
2024-09-29,3.865183144866586e-07
2024-09-30,3.730467986162539e-07
2024-10-01,3.597462963265677e-07
2024-10-02,3.578986183684151e-07
2024-10-03,3.5827104097716384e-07
2024-10-04,3.6649707840965763e-07
2024-10-05,3.6636893067820356e-07
2024-10-06,3.6907745366519286e-07
2024-10-07,3.6819920990754606e-07
2024-10-08,3.664206401117741e-07
2024-10-09,3.5717905199049743e-07
2024-10-10,3.553149781061708e-07
2024-10-11,3.6895029102258103e-07
2024-10-12,3.7255630268756065e-07
2024-10-13,3.6984617986423825e-07
2024-10-14,3.8809821533843066e-07
2024-10-15,3.956247484487732e-07
2024-10-16,3.9883714180406497e-07
2024-10-17,3.9825800263763065e-07
2024-10-18,4.043544129391209e-07
2024-10-19,4.033285348087285e-07
2024-10-20,4.0712124717980676e-07
2024-10-21,3.975000032531515e-07
2024-10-22,3.973312878234006e-07
2024-10-23,3.9307904823959117e-07
2024-10-24,4.0343387579677873e-07
2024-10-25,3.95561312130373e-07
2024-10-26,3.9602621837495224e-07
2024-10-27,4.0136391146705057e-07
2024-10-28,4.1205897599392136e-07
2024-10-29,4.305740132994453e-07
2024-10-30,4.266969657594386e-07
2024-10-31,4.136540758979344e-07
2024-11-01,4.1060807699154953e-07
2024-11-02,4.0862933061133447e-07
2024-11-03,4.049684675361098e-07
2024-11-04,3.988886171958777e-07
2024-11-05,4.046995018910377e-07
2024-11-06,4.408990876102406e-07
2024-11-07,4.3804976575218614e-07
2024-11-08,4.399248960451911e-07
2024-11-09,4.379139328246182e-07
2024-11-10,4.5903736804030505e-07
2024-11-11,5.028835382503167e-07
2024-11-12,4.96940743957915e-07
2024-11-13,5.104473231697467e-07
2024-11-14,4.896422630884429e-07
2024-11-15,5.04258142617486e-07
2024-11-16,5.010569122459385e-07
2024-11-17,4.959285103035288e-07
2024-11-18,4.983538465399856e-07
2024-11-19,5.082292053726224e-07
2024-11-20,5.170950476404687e-07
2024-11-21,5.341216263848989e-07
2024-11-22,5.347682245510937e-07
2024-11-23,5.227852902291859e-07
2024-11-24,5.19051428811471e-07
2024-11-25,4.918356971602808e-07
2024-11-26,4.888119445648626e-07
2024-11-27,5.093327718691439e-07
2024-11-28,5.033355651780347e-07
2024-11-29,5.106503454885088e-07
2024-11-30,5.031156698212139e-07
2024-12-01,5.114150118102658e-07
2024-12-02,5.031767830247673e-07
2024-12-03,5.011955494084186e-07
2024-12-04,5.152853626428644e-07
2024-12-05,5.030141088582831e-07
2024-12-06,5.161845815769259e-07
2024-12-07,5.133606650164933e-07
2024-12-08,5.189098477723339e-07
2024-12-09,4.975396125348457e-07
2024-12-10,4.932620322615893e-07
2024-12-11,5.156574556130418e-07
2024-12-12,5.043179097230513e-07
2024-12-13,5.101116924790557e-07
2024-12-14,5.075824011144578e-07
2024-12-15,5.221704349008379e-07
2024-12-16,5.301984236669291e-07
2024-12-17,5.296380023944009e-07
2024-12-18,4.99100671077363e-07
2024-12-19,4.850687662886851e-07
2024-12-20,4.862778211401398e-07
2024-12-21,4.834842084044004e-07
2024-12-22,4.729376338024295e-07
2024-12-23,4.696773614588245e-07
2024-12-24,4.902338607569982e-07
2024-12-25,4.933283373892084e-07
2024-12-26,4.74521987272019e-07
2024-12-27,4.6600018797045545e-07
2024-12-28,4.7035588857085356e-07
2024-12-29,4.630917454301051e-07
2024-12-30,4.595811942246768e-07
2024-12-31,4.648674158145854e-07
2025-01-01,4.711782963748047e-07
2025-01-02,4.847531041667389e-07
2025-01-03,4.875700670970814e-07
2025-01-04,4.839214457135898e-07
2025-01-05,4.846585945539024e-07
2025-01-06,5.044752313091113e-07
2025-01-07,4.775646735832623e-07
2025-01-08,4.695382463928893e-07
2025-01-09,4.5668112616795874e-07
2025-01-10,4.6759161994082e-07
2025-01-11,4.663677866286535e-07
2025-01-12,4.6622962971056545e-07
2025-01-13,4.655729057359134e-07
2025-01-14,4.75695687286354e-07
2025-01-15,4.945868823367074e-07
2025-01-16,4.895788043709928e-07
2025-01-17,5.093510905026915e-07
2025-01-18,5.066304809057437e-07
2025-01-19,4.91147259729039e-07
2025-01-20,4.943576142055878e-07
2025-01-21,5.134922881637241e-07
2025-01-22,4.944863837353578e-07
2025-01-23,4.928255170617409e-07
2025-01-24,4.954526180974475e-07
2025-01-25,4.934824796650548e-07
2025-01-26,4.834316406745951e-07
2025-01-27,4.812338017617692e-07
2025-01-28,4.7673335948273293e-07
2025-01-29,4.871822670607805e-07
2025-01-30,4.913311118707627e-07
2025-01-31,4.789555042919605e-07
2025-02-01,4.703018838033639e-07
2025-02-02,4.5629613105764845e-07
2025-02-03,4.737649122374023e-07
2025-02-04,4.548999953392866e-07
2025-02-05,4.4390646456528374e-07
2025-02-06,4.410459347686129e-07
2025-02-07,4.399868448220461e-07
2025-02-08,4.374585520287951e-07
2025-02-09,4.373004478644345e-07
2025-02-10,4.4151457514868087e-07
2025-02-11,4.334254631678686e-07
2025-02-12,4.430467099566607e-07
2025-02-13,4.368842122724917e-07
2025-02-14,4.405374737176317e-07
2025-02-15,4.4019122132309167e-07
2025-02-16,4.333383699724549e-07
2025-02-17,4.3128598834158107e-07
2025-02-18,4.3112458213938193e-07
2025-02-19,4.3594434154543373e-07
2025-02-20,4.4205931351005616e-07
2025-02-21,4.323861111353207e-07
2025-02-22,4.330129843747526e-07
2025-02-23,4.3207585643080397e-07
2025-02-24,4.1066984277705746e-07
2025-02-25,3.983527507018883e-07
2025-02-26,3.799158170954833e-07
2025-02-27,3.834087531942563e-07
2025-02-28,3.8212193526986895e-07
2025-03-01,3.882674399049148e-07
2025-03-02,4.2702268364928295e-07
2025-03-03,3.9021350936032916e-07
2025-03-04,3.9497573664251276e-07
2025-03-05,4.0926808115890257e-07
2025-03-06,4.044118172967726e-07
2025-03-07,3.900447170620736e-07
2025-03-08,3.856043395409089e-07
2025-03-09,3.609286684299367e-07
2025-03-10,3.5118497163411e-07
2025-03-11,3.7103089234142534e-07
2025-03-12,3.731264465753408e-07
2025-03-13,3.6117318890291697e-07
2025-03-14,3.7370244207288166e-07
2025-03-15,3.738621388726324e-07
2025-03-16,3.6570341605078143e-07
2025-03-17,3.7242860809060906e-07
2025-03-18,3.661660818198298e-07
2025-03-19,3.839440987694347e-07
2025-03-20,3.7098637943727044e-07
2025-03-21,3.707817179784331e-07
2025-03-22,3.684235819658795e-07
2025-03-23,3.7835413199384345e-07
2025-03-24,3.841130454899841e-07
2025-03-25,3.823466573899825e-07
2025-03-26,3.786732845891108e-07
2025-03-27,3.7961953954148193e-07
2025-03-28,3.6830542471231396e-07
2025-03-29,3.614068415757115e-07
2025-03-30,3.5993862150885044e-07
2025-03-31,3.608109761909597e-07
2025-04-01,3.719681919124365e-07
2025-04-02,3.600488372913745e-07
2025-04-03,3.6222026397463044e-07
2025-04-04,3.6515672937306477e-07
2025-04-05,3.642660257995587e-07
2025-04-06,3.421945110008682e-07
2025-04-07,3.462428871611661e-07
2025-04-08,3.3417592527425056e-07
2025-04-09,3.626573875815519e-07
2025-04-10,3.493548835343977e-07
2025-04-11,3.667755533917675e-07
2025-04-12,3.755147873399312e-07
2025-04-13,3.6801004203927503e-07
2025-04-14,3.7221807334773496e-07
2025-04-15,3.683439294349755e-07
2025-04-16,3.69248059211476e-07
2025-04-17,3.7295442780257106e-07
2025-04-18,3.7001130624674714e-07
2025-04-19,3.735220440515883e-07
2025-04-20,3.74020510936955e-07
2025-04-21,3.8380460934962267e-07
2025-04-22,4.0965834950296427e-07
2025-04-23,4.0868255745066546e-07
2025-04-24,4.090703148644081e-07
2025-04-25,4.1038020069456414e-07
2025-04-26,4.0907858399422213e-07
2025-04-27,4.041594968324103e-07
2025-04-28,4.0836059422362376e-07
2025-04-29,4.038851123828102e-07
2025-04-30,4.007603375349799e-07
2025-05-01,4.1060960247117095e-07
2025-05-02,4.1225261231090556e-07
2025-05-03,4.072042126486967e-07
2025-05-04,3.998323631504247e-07
2025-05-05,4.016257693391984e-07
2025-05-06,4.108137055480143e-07
2025-05-07,4.132097216075063e-07
2025-05-08,4.393775574298319e-07
2025-05-09,4.3716152613033895e-07
2025-05-10,4.4522336793108635e-07
2025-05-11,4.419021672439449e-07
2025-05-12,4.362316251343468e-07
2025-05-13,4.4298903808742675e-07
2025-05-14,4.4070046264885255e-07
2025-05-15,4.409537414404975e-07
2025-05-16,4.3866804457896295e-07
2025-05-17,4.36284025908644e-07
2025-05-18,4.504671138613222e-07
2025-05-19,4.464090008964542e-07
2025-05-20,4.520138356074704e-07
2025-05-21,4.6331377140102585e-07
2025-05-22,4.6998617197312266e-07
2025-05-23,4.5042551498890813e-07
2025-05-24,4.517722530319765e-07
2025-05-25,4.565194870722547e-07
2025-05-26,4.582482556886726e-07
2025-05-27,4.557394365431493e-07
2025-05-28,4.512924196193397e-07
2025-05-29,4.4199495091039494e-07
2025-05-30,4.353675906692076e-07
2025-05-31,4.3757911909392914e-07
2025-06-01,4.4176358164347407e-07
2025-06-02,4.4216464469245075e-07
2025-06-03,4.391420392416913e-07
2025-06-04,4.348959482370647e-07
2025-06-05,4.2097997835341055e-07
2025-06-06,4.331459171048206e-07
2025-06-07,4.37029656997957e-07
2025-06-08,4.3714342499409294e-07
2025-06-09,4.557980297212309e-07
2025-06-10,4.550762297929693e-07
2025-06-11,4.4896271228744646e-07
2025-06-12,4.358155587591282e-07
2025-06-13,4.3770064798429366e-07
2025-06-14,4.3336298458807066e-07
2025-06-15,4.3427997403043173e-07
2025-06-16,4.3939523369547493e-07
2025-06-17,4.3037347016131493e-07
2025-06-18,4.3144556750141214e-07
2025-06-19,4.303623338688847e-07
2025-06-20,4.250022275531681e-07
2025-06-21,4.2047892889343213e-07
2025-06-22,4.158690355241356e-07
2025-06-23,4.3385980922765836e-07
2025-06-24,4.375770499868988e-07
2025-06-25,4.396716390943402e-07
2025-06-26,4.382852349033363e-07
2025-06-27,4.385190828801583e-07
2025-06-28,4.38995571307373e-07
2025-06-29,4.4259340376042473e-07
2025-06-30,4.3773345793680667e-07
2025-07-01,4.312503815252143e-07
2025-07-02,4.439477185065564e-07
2025-07-03,4.4626325525260717e-07
2025-07-04,4.3857060940534235e-07
2025-07-05,4.39196329419501e-07
2025-07-06,4.428094472712517e-07
2025-07-07,4.3888840315627987e-07
2025-07-08,4.4181716958833524e-07
2025-07-09,4.5141547392921546e-07
2025-07-10,4.698594070361039e-07
2025-07-11,4.738464604592584e-07
2025-07-12,4.715179066327555e-07
2025-07-13,4.77684565415903e-07
2025-07-14,4.803250725921392e-07
2025-07-15,4.7260933791379404e-07
2025-07-16,4.783413084963197e-07
2025-07-17,4.755138737316129e-07
2025-07-18,4.690296972137607e-07
2025-07-19,4.671619517295928e-07
2025-07-20,4.6439026443136375e-07
2025-07-21,4.6409444204289834e-07
2025-07-22,4.7301628410695025e-07
2025-07-23,4.6754555813840646e-07
2025-07-24,4.636484913834188e-07
2025-07-25,4.588521475279353e-07
2025-07-26,4.6037635717048334e-07
2025-07-27,4.6514484156405357e-07
2025-07-28,4.5899274512184025e-07
2025-07-29,4.5855159228693637e-07
2025-07-30,4.5808581140837353e-07
2025-07-31,4.488435625857004e-07
2025-08-01,4.3819866245081747e-07
2025-08-02,4.348693226406658e-07
2025-08-03,4.4145626039818465e-07
2025-08-04,4.4373501292425523e-07
2025-08-05,4.3914772987521795e-07
2025-08-06,4.422378922822159e-07
2025-08-07,4.513573105304307e-07
2025-08-08,4.4653719109115165e-07
2025-08-09,4.446364103120441e-07
2025-08-10,4.543124588011496e-07
2025-08-11,4.5312388813380933e-07
2025-08-12,4.5729938016327304e-07
2025-08-13,4.6799985192935385e-07
2025-08-14,4.465069001556134e-07
2025-08-15,4.4023625790911533e-07
2025-08-16,4.38293892145465e-07
2025-08-17,4.384115201683867e-07
2025-08-18,4.3261881434990704e-07
2025-08-19,4.198534902551543e-07
2025-08-20,4.252201220240332e-07
2025-08-21,4.180981369674139e-07
2025-08-22,4.3645080525649463e-07
2025-08-23,4.310072909104396e-07
2025-08-24,4.218570094318064e-07
2025-08-25,4.0932926598786346e-07
2025-08-26,4.12592363944925e-07
2025-08-27,4.1019710397152517e-07
2025-08-28,4.1426386169671873e-07
2025-08-29,3.952626120815854e-07
2025-08-30,3.9676268950882124e-07
2025-08-31,3.9421002959027956e-07
2025-09-01,3.9668915601916385e-07
2025-09-02,4.03939873956454e-07
2025-09-03,4.068760493439447e-07
2025-09-04,4.003560963063564e-07
2025-09-05,3.9639611470345617e-07
2025-09-06,3.967625183877488e-07
2025-09-07,4.0002650888113667e-07
2025-09-08,4.0377459396363853e-07
2025-09-09,4.0147678293274336e-07
2025-09-10,4.096248446489772e-07
2025-09-11,4.149472071068948e-07
2025-09-12,4.159114918983263e-07
2025-09-13,4.134762030374997e-07
2025-09-14,4.101517519005712e-07
2025-09-15,4.1041916665461203e-07
2025-09-16,4.149859620715229e-07
2025-09-17,4.1243453106531743e-07
2025-09-18,4.14441358813833e-07
2025-09-19,4.0737456178860287e-07
2025-09-20,4.064507144680189e-07
2025-09-21,4.04554828353397e-07
2025-09-22,3.9562632954000217e-07
2025-09-23,3.918265096363079e-07
2025-09-24,3.953091091340391e-07
2025-09-25,3.795117177810145e-07
2025-09-26,3.8185991065728004e-07
2025-09-27,3.807213666497842e-07
2025-09-28,3.8922508226886906e-07
2025-09-29,3.965330930930908e-07
2025-09-30,3.947596021269677e-07
2025-10-01,4.092035592003492e-07
2025-10-02,4.146967152386152e-07
2025-10-03,4.19025226920983e-07
2025-10-04,4.1731327916889557e-07
2025-10-05,4.202625307950458e-07
2025-10-06,4.249979325089854e-07
2025-10-07,4.1269054369067176e-07
2025-10-08,4.1821399075318175e-07
2025-10-09,4.126689912191002e-07
2025-10-10,3.8283417022888776e-07
2025-10-11,3.747882042678652e-07
2025-10-12,3.8996883768329344e-07
2025-10-13,3.9047733709780416e-07
2025-10-14,3.8193574330446743e-07
2025-10-15,3.7283067176303124e-07
2025-10-16,3.630946788166874e-07
2025-10-17,3.5730169414977507e-07
2025-10-18,3.594084497552335e-07
2025-10-19,3.6432206547709157e-07
2025-10-20,3.7033424481588786e-07
2025-10-21,3.6295544943245566e-07
2025-10-22,3.591858832226934e-07
2025-10-23,3.6831257788341346e-07
2025-10-24,3.712033176976348e-07
2025-10-25,3.725436263592734e-07
2025-10-26,3.8244658968073153e-07
2025-10-27,3.8115088356760733e-07
2025-10-28,3.7764274021869467e-07
2025-10-29,3.6781861599691514e-07
2025-10-30,3.628978906019555e-07
2025-10-31,3.674435781758565e-07
2025-11-01,3.6904398626960665e-07
2025-11-02,3.704696938500694e-07
2025-11-03,3.5743594369596055e-07
2025-11-04,3.4061812401509605e-07
2025-11-05,3.5007085507531784e-07
2025-11-06,3.4162086624207013e-07
2025-11-07,3.4902985511625834e-07
2025-11-08,3.4529606980835915e-07
2025-11-09,3.5411082276678547e-07
2025-11-10,3.584226127693373e-07
2025-11-11,3.478638763121416e-07
2025-11-12,3.4280899400280345e-07
2025-11-13,3.3592452254418473e-07
2025-11-14,3.1926402787544334e-07
2025-11-15,3.234616157893028e-07
2025-11-16,3.190096122917605e-07
2025-11-17,3.1223041733667703e-07
2025-11-18,3.1518691694987576e-07
2025-11-19,3.104377709545267e-07
2025-11-20,2.9412789737682563e-07
2025-11-21,2.891217763793021e-07
2025-11-22,2.880465296984108e-07
2025-11-23,2.9507523528244636e-07
2025-11-24,3.00328902407223e-07
2025-11-25,2.9576131088029454e-07
2025-11-26,3.0575754691270537e-07
2025-11-27,3.077654801215123e-07
2025-11-28,3.060219537211603e-07
2025-11-29,3.051975375404531e-07
2025-11-30,3.0351796089101743e-07
2025-12-01,2.90078802853066e-07
2025-12-02,3.0602903724902747e-07
2025-12-03,3.1261960875872247e-07
2025-12-04,3.078148755308598e-07
2025-12-05,2.980979042595373e-07
2025-12-06,2.974309818876713e-07
2025-12-07,3.014091084661749e-07
2025-12-08,3.0203595294626154e-07
2025-12-09,3.0842355356182825e-07
2025-12-10,3.059030399440832e-07
2025-12-11,3.075678868762509e-07
2025-12-12,2.991650341222442e-07
2025-12-13,2.9909015378675405e-07
2025-12-14,2.921601237387669e-07
2025-12-15,2.8666075672379785e-07
2025-12-16,2.916162896999055e-07
2025-12-17,2.864617395219479e-07
2025-12-18,2.839126777890196e-07
2025-12-19,2.931629178319824e-07
2025-12-20,2.933548463363086e-07
2025-12-21,2.935343839559049e-07
2025-12-22,2.943322665026695e-07
2025-12-23,2.906045977577247e-07
2025-12-24,2.917201601235743e-07
2025-12-25,2.907688286818711e-07
2025-12-26,2.9112972329824384e-07
2025-12-27,2.9293594171070243e-07
2025-12-28,2.930614055726823e-07
2025-12-29,2.907159173339067e-07
2025-12-30,2.9506151049782823e-07
2025-12-31,2.9229890349804524e-07
2026-01-01,2.971350733737675e-07
2026-01-02,3.012018914989293e-07
2026-01-03,3.0255259594694886e-07
2026-01-04,3.057508861700423e-07
2026-01-05,3.134014793037873e-07
2026-01-06,3.1228434093395204e-07
2026-01-07,3.046008410305612e-07
2026-01-08,3.040796267316275e-07
2026-01-09,3.0270002083354013e-07
2026-01-10,3.019527024758653e-07
2026-01-11,3.0371854249249114e-07
2026-01-12,3.047936588499771e-07
2026-01-13,3.1932340917891957e-07
2026-01-14,3.2310576279144616e-07
2026-01-15,3.17634441440212e-07
2026-01-16,3.1639637860943586e-07
2026-01-17,3.145217069886256e-07
2026-01-18,3.0931447698997785e-07
2026-01-19,3.059678167888565e-07
2026-01-20,2.921131707148993e-07
2026-01-21,2.9736435531030494e-07
2026-01-22,2.986333470185211e-07
2026-01-23,2.9905264324954287e-07
2026-01-24,2.9735357751011665e-07
2026-01-25,2.889781557229455e-07
2026-01-26,2.9461175909275243e-07
2026-01-27,2.980307423168372e-07
2026-01-28,2.983547579426271e-07
2026-01-29,2.8314328430585924e-07
2026-01-30,2.830493442434543e-07
2026-01-31,2.6553093748288097e-07
2026-02-01,2.600792066008453e-07
2026-02-02,2.657878381542653e-07
2026-02-03,2.554143666855564e-07
2026-02-04,2.463150689318962e-07
2026-02-05,2.1172757525785144e-07
2026-02-06,2.383830786346463e-07
2026-02-07,2.3370974345631543e-07
2026-02-08,2.3686664133737822e-07
2026-02-09,2.3526888726578308e-07
2026-02-10,2.3115017949712646e-07
2026-02-11,2.2525603729822666e-07
2026-02-12,2.2245292907809971e-07
2026-02-13,2.3138300686536628e-07
2026-02-14,2.3446944769448018e-07
2026-02-15,2.310601432751072e-07
2026-02-16,2.3121473841375066e-07
2026-02-17,2.2649298510215163e-07
2026-02-18,2.2341104229836953e-07
2026-02-19,2.2518688926442543e-07
2026-02-20,2.285482171341302e-07
2026-02-21,2.2885740421969677e-07
2026-02-22,2.2773315516118214e-07
2026-02-23,2.168140337478781e-07
2026-02-24,2.1501715200954749e-07
2026-02-25,2.2788931345189942e-07
2026-02-26,2.25731881488607e-07
2026-02-27,2.2070697875246335e-07
2026-02-28,2.2426554038616738e-07
2026-03-01,2.1999487164248716e-07
2026-03-02,2.3045450722166412e-07
2026-03-03,2.2807922862282411e-07
2026-03-04,2.424247695691097e-07
2026-03-05,2.358235484477454e-07
2026-03-06,2.256936108633167e-07
2026-03-07,2.2282931957844807e-07
2026-03-08,2.185428384660542e-07
2026-03-09,2.266416082910326e-07
2026-03-10,2.3084338364992257e-07
2026-03-11,2.313870148098447e-07
2026-03-12,2.3239451383606108e-07
2026-03-13,2.3333884756277078e-07
2026-03-14,2.338687828130192e-07
2026-03-15,2.3918834305512325e-07
2026-03-16,2.4595185629876113e-07
2026-03-17,2.428049007008565e-07
2026-03-18,2.339508837481754e-07
2026-03-19,2.2991140655154526e-07
2026-03-20,2.3156559505513984e-07
2026-03-21,2.2629941348339344e-07
2026-03-22,2.228778082053631e-07
2026-03-23,2.3294028456824245e-07
2026-03-24,2.322485427194941e-07
2026-03-25,2.3495876583617417e-07
2026-03-26,2.2659992425621624e-07
2026-03-27,2.193076993004451e-07
2026-03-28,2.1925472574506068e-07
2026-03-29,2.1809222664928614e-07
2026-03-30,2.2058868567230137e-07
2026-03-31,2.2548556427488246e-07
2026-04-01,2.2474711342872264e-07
2026-04-02,2.2064210006025783e-07
2026-04-03,2.2077079388019614e-07
2026-04-04,2.2163911686414763e-07
2026-04-05,2.2732710598347793e-07
2026-04-06,2.2685306720122748e-07
2026-04-07,2.373830426319711e-07
2026-04-08,2.33991530682108e-07
2026-04-09,2.3629737535112893e-07
2026-04-10,2.398784270530639e-07
2026-04-11,2.3966358573862236e-07
2026-04-12,2.3188749354853158e-07
2026-04-13,2.440370211833352e-07
2026-04-14,2.4308463248263095e-07
2026-04-15,2.4431779010662486e-07
2026-04-16,2.455696900598316e-07
2026-04-17,2.5140702386244503e-07
2026-04-18,2.462815400641465e-07
2026-04-19,2.40031660466362e-07
2026-04-20,2.4732783847816373e-07
2026-04-21,2.4890220239109333e-07
2026-04-22,2.5435101096462543e-07
2026-04-23,2.5482243094083187e-07
2026-04-24,2.5216845982919574e-07
2026-04-25,2.5287880803887515e-07
2026-04-26,2.561234394785606e-07
2026-04-27,2.5191726972395825e-07
2026-04-28,2.486858446972544e-07
2026-04-29,2.4675842529770066e-07
2026-04-30,2.4923906498883846e-07
2026-05-01,2.549504177591598e-07
2026-05-02,2.562809669760636e-07
2026-05-03,2.5552304250646813e-07
2026-05-04,2.596526592660266e-07
2026-05-05,2.6273169871845535e-07
2026-05-06,2.6380829253981704e-07
2026-05-07,2.589196046742568e-07
2026-05-08,2.593078870588682e-07
2026-05-09,2.6204605052172964e-07
2026-05-10,2.6648166294404123e-07
2026-05-11,2.647581174032854e-07
2026-05-12,2.6035533712864706e-07
2026-05-13,2.5673642661940233e-07
2026-05-14,2.628208407180271e-07
2026-05-15,2.5637986173734604e-07
2026-05-16,2.5297365279244573e-07
2026-05-17,2.504561937822902e-07
2026-05-18,2.489993320349109e-07
2026-05-19,2.4851105032616956e-07
2026-05-20,2.511719726660191e-07
2026-05-21,2.5180363797851515e-07
2026-05-22,2.443939765227748e-07
2026-05-23,2.483016896322579e-07
2026-05-24,2.494007424456747e-07
2026-05-25,2.5051055441531575e-07
2026-05-26,2.4574390433359985e-07
2026-05-27,2.411368177383061e-07
2026-05-28,2.3897188313837424e-07
2026-05-29,2.392319357792159e-07
2026-05-30,2.409717353213638e-07
2026-05-31,2.404943110623255e-07
2026-06-01,2.3329623346235563e-07
2026-06-02,2.1799253306068275e-07
2026-06-03,2.0988936575558024e-07
2026-06-04,2.0954075759759466e-07
2026-06-05,2.0112411047885499e-07
2026-06-06,2.0081649551142156e-07
2026-06-07,2.092657995519669e-07
2026-06-08,2.0833470809725425e-07
2026-06-09,2.0357974608096447e-07
2026-06-10,2.0347823391136138e-07
2026-06-11,2.1054981560509692e-07
2026-06-12,2.105008403644108e-07
2026-06-13,2.1372441922061013e-07
2026-06-14,2.1796933469095972e-07
2026-06-15,2.1985789989812503e-07
2026-06-16,2.1738944870595715e-07
2026-06-17,2.1360539010968468e-07
2026-06-18,2.087431608682147e-07
2026-06-19,2.1059900412153568e-07
2026-06-20,2.130579046772988e-07
2026-06-21,2.0965183300862368e-07
2026-06-22,2.1199180238391504e-07
2026-06-23,2.07707798269262e-07
2026-06-24,2.0259234297872218e-07
2026-06-25,1.9854762762842243e-07
2026-06-26,1.9952238217149658e-07
2026-06-27,2.0011273857774147e-07
2026-06-28,1.9857171412491937e-07
2026-06-29,2.011196606740501e-07
2026-06-30,1.9608183224327307e-07
2026-07-01,2.0135842877714472e-07
2026-07-02,2.063521514810046e-07
2026-07-03,2.099976672001954e-07
2026-07-04,2.1200258754410292e-07
2026-07-05,2.1374593849703867e-07
2026-07-06,2.1448190181377633e-07
2026-07-07,2.1239034164232113e-07
2026-07-08,2.095142684225872e-07
2026-07-09,2.126851612565156e-07
2026-07-10,2.152396123544464e-07
2026-07-11,2.1419439176523906e-07
2026-07-12,2.1406920821190956e-07
2026-07-13,2.093049425407552e-07
2026-07-14,2.1933422986257344e-07
2026-07-15,2.1816301752717044e-07
2026-07-16,2.1540986393383847e-07
2026-07-17,2.1554035649690156e-07
2026-07-18,2.1845602219353695e-07
2026-07-19,2.1802821625943996e-07
2026-07-20,2.1995625535171665e-07
2026-07-21,2.2435110428516436e-07
2026-07-22,2.2281768756232972e-07
2026-07-23,2.1961924478341997e-07
2026-07-24,2.157942975943289e-07
2026-07-25,2.1657079577777118e-07
2026-07-26,2.2013944012940407e-07
2026-07-27,2.1491118797513612e-07
2026-07-28,2.1625454917291283e-07
2026-07-29,2.1657027606267288e-07
2026-07-30,2.1954263232518364e-07
2026-07-31,2.1366964398390617e-07
2026-08-01,2.135221535015652e-07
2026-08-02,2.1609680263805915e-07
2026-08-03,2.1604114211042693e-07
2026-08-04,2.1790244445109e-07
2026-08-05,2.195767870336768e-07
2026-08-06,2.1831818719161296e-07
2026-08-07,2.2035448656792363e-07
2026-08-08,2.2048604354402227e-07
2026-08-09,2.2030595297731524e-07
2026-08-10,2.1706074271521337e-07
2026-08-11,2.1649804436804282e-07
2026-08-12,2.1531657942531965e-07
2026-08-13,2.1536074414537144e-07
2026-08-14,2.138989512543455e-07
2026-08-15,2.1389262362640935e-07
2026-08-16,2.1332462451782517e-07
2026-08-17,2.1889928930881222e-07
2026-08-18,2.1956763699329285e-07
2026-08-19,2.352081906443004e-07
2026-08-20,2.47226964166662e-07
2026-08-21,2.646904498310404e-07
2026-08-22,2.595910110813825e-07
2026-08-23,2.617711450741375e-07
2026-08-24,2.6597723371066305e-07
2026-08-25,2.6439674854893073e-07
2026-08-26,2.6589151657535015e-07
2026-08-27,2.699050464616696e-07
2026-08-28,2.615922363359916e-07
2026-08-29,2.624704985837153e-07
2026-08-30,2.6070598982180234e-07
2026-08-31,2.637305156149311e-07
2026-09-01,2.602309085200928e-07
2026-09-02,2.5970353000316957e-07
2026-09-03,2.7272286103902913e-07
